Date,Close,Volume,RSI,pct change volume,pct change price,12 EMA,26 EMA
2018-02-07,149.83999633789062,37101000.0,19.670007815710377,-0.46410928987006084,0.0010020301559089605,154.70256422351648,155.9173073401818
2018-02-08,145.44000244140625,44704500.0,12.69758834094128,0.20494056763968627,-0.029364615616796645,153.9544768564971,155.4671361548269
2018-02-09,146.77000427246094,53315300.0,19.268443006350353,0.1926159558881097,0.009144676902700882,152.6445577157139,154.72438550938833
2018-02-12,148.16000366210938,36213900.0,26.607910827884325,-0.3207597068758874,0.009470595824662307,151.74078026290573,154.13517208443074
2018-02-13,148.47999572753906,25021200.0,29.02021992807731,-0.3090719309436432,0.0021597736063739222,151.1898915550909,153.69256701611064
2018-02-14,151.14999389648438,36286900.0,36.402637092558855,0.4502461912298371,0.017982208013022586,150.77298450469831,153.3064506243646
2018-02-15,152.8000030517578,23773600.0,47.37111033220392,-0.3448434559028189,0.010916369314599194,150.83098594958847,153.14671308896607
2018-02-16,153.33999633789062,27973900.0,69.05767763576526,0.17667917353703266,0.003533987404109547,151.13391165761453,153.12103086398767
2018-02-20,152.0800018310547,24046200.0,58.716278407162186,-0.14040587833659232,-0.008216998414813385,151.47330930073394,153.1372505287212
2018-02-21,152.24000549316406,26735500.0,58.74639799900574,0.11183887682877128,0.0010521019212448635,151.566646613091,153.05893581037554
2018-02-22,152.0,16340000.0,84.30961942399652,-0.38882758878644497,-0.0015764942492388395,151.6702402869484,152.9982743053969
2018-02-23,153.97999572753906,18065200.0,85.30850876222871,0.1055813953488372,0.013026287681178042,151.7209725504948,152.92432806055268
2018-02-26,154.99000549316406,15267700.0,84.74059287292054,-0.15485574474680602,0.006559357018116617,152.06851457773237,153.00252566551464
2018-02-27,152.75999450683594,18125500.0,68.2282419670546,0.18717947038519228,-0.014388095408038946,152.517974718568,153.14974639348867
2018-02-28,150.35000610351562,29951800.0,46.51573594345215,0.6524675181374306,-0.015776305904570236,152.5552085321477,153.12087588336624
2018-03-01,149.9499969482422,38943200.0,36.07036635970133,0.3001956476739294,-0.002660519714232882,152.21594662005046,152.91562627004396
2018-03-02,152.35000610351562,31842300.0,45.905756677756294,-0.1823399207050268,0.016005396492951192,151.8673389782338,152.69595002398458
2018-03-05,153.7100067138672,19603700.0,56.68580999041165,-0.3843503767001756,0.008926816907558885,151.94159545904637,152.6703245483943
2018-03-06,155.3699951171875,17304000.0,61.43164929574482,-0.11730948749470763,0.010799481691588229,152.2136587290188,152.74733804213304
2018-03-07,156.74000549316406,22684600.0,65.99189699818274,0.3109454461396209,0.008817728126613088,152.6992489425832,152.9416089365815
2018-03-08,156.4199981689453,23391300.0,59.27050191546004,0.0311532934237324,-0.002041644206990324,153.32090379651873,153.2229716444765
2018-03-09,158.9199981689453,24927200.0,63.41292193345721,0.06566116462103432,0.015982611106412446,153.79768754612283,153.45978842406677
2018-03-12,159.1999969482422,15310100.0,75.3543159503453,-0.3858074713565904,0.0017618851152968978,154.58573533424936,153.8642484051689
2018-03-13,158.4600067138672,17757200.0,86.76332859753508,0.15983566403877178,-0.004648179953267082,155.2956217364021,154.25948903798914
2018-03-14,157.7100067138672,18097500.0,84.09493161705551,0.019164057396436375,-0.00473305546019749,155.78245019447365,154.5706384954616
2018-03-15,156.9199981689453,14172100.0,73.38787137642963,-0.2169028871391076,-0.005009248058401172,156.07899735130343,154.80318428941757
2018-03-16,157.8000030517578,36000300.0,72.0128771578273,1.5402233966737464,0.005607984279129658,156.2083820924791,154.95998531753074
2018-03-19,156.27999877929688,25663000.0,54.972684339021036,-0.2871448293486443,-0.009632473023225365,156.45324685544506,155.17035700154756
2018-03-20,156.24000549316406,11418500.0,46.803072047953926,-0.5550598137396251,-0.0002559078989326854,156.42659330526843,155.25255268878826
2018-03-21,157.14999389648438,22213500.0,54.340051927127845,0.9453956298988484,0.005824298331582733,156.3978874880216,155.32569734096424
2018-03-22,153.35000610351562,29774800.0,21.318199175614794,0.34039210390078106,-0.024180642319794325,156.51359616624666,155.4608304191509
2018-03-23,150.0500030517578,35744100.0,14.061241417667134,0.20048161532571168,-0.021519419109316606,156.02689000274958,155.30447306243718
2018-03-26,153.3300018310547,28442400.0,33.20232949015423,-0.20427706950237942,0.021859371626706876,155.10736893336625,154.91525306164613
2018-03-27,150.36000061035156,32820600.0,28.987963958179208,0.15393215762382922,-0.019369994034015566,154.83392784070293,154.79782704456528
2018-03-28,150.30999755859375,26510900.0,30.268636919744168,-0.19224816121582178,-0.0003325555437272992,154.1456313437258,154.46909916054946
2018-03-29,151.8300018310547,22617700.0,32.83494344854212,-0.1468528039410205,0.010112462891022338,153.55553383832086,154.1610175604046
2018-04-02,148.1300048828125,35040700.0,29.177303128640247,0.5492600927592107,-0.024369340075219608,153.29006737566453,153.9883497286009
2018-04-03,150.25,29857800.0,36.16625541898985,-0.14791085794518946,0.014311719754985863,152.49621160753344,153.5543982585425
2018-04-04,152.16000366210938,29619700.0,38.984566050700955,-0.00797446563377074,0.012712170796069051,152.15064059098984,153.309628017169
2018-04-05,153.4199981689453,17301600.0,50.17402303158972,-0.41587524519154484,0.008280720797259675,152.15208106346978,153.22447065753494
2018-04-06,150.36000061035156,25762700.0,50.78006450622024,0.48903569612059,-0.019945232662720386,152.34714523354293,153.23895417689866
2018-04-09,150.5399932861328,18997000.0,41.68154331333402,-0.26261610778373384,0.0011970781793735799,152.04143067612887,153.02569835715443
2018-04-10,153.3800048828125,23420000.0,59.07453240154459,0.2328262357214297,0.0188654957043983,151.81044030843717,152.84157205559728
2018-04-11,153.7100067138672,14884600.0,60.04730946577098,-0.36444918872758325,0.002151530972415994,152.051911781418,152.88145596872434
2018-04-12,154.75999450683594,14413200.0,58.90576272695735,-0.031670316971903846,0.0068309657608909835,152.3070033094871,152.94283009799418
2018-04-13,153.9499969482422,19813600.0,71.46017574637068,0.3746843171537202,-0.005233894981548164,152.6843865706177,153.0774348690195
2018-04-16,155.3699951171875,18846900.0,69.90669109341331,-0.04878972019219122,0.009223762241597927,152.87909585948302,153.14206909711007
2018-04-17,157.05999755859375,18624200.0,69.38291158341522,-0.011816266866168972,0.010877276787783698,153.2623111298991,153.30710065415283
2018-04-18,157.47999572753906,16974200.0,67.20339728238099,-0.08859440942429742,0.0026741256556344047,153.8465705804675,153.58509301744476
2018-04-19,156.38999938964844,16174500.0,80.67144972664533,-0.04711267688609772,-0.006921490776367945,154.40555906463234,153.8736043293036
2018-04-20,155.5500030517578,21480600.0,73.87995438359671,0.32805341741630345,-0.005371164020518725,154.71085757617328,154.0600039634032
2018-04-23,155.32000732421875,13268200.0,62.30970020642033,-0.38231706749345923,-0.0014785967407698062,154.83995688010936,154.1703742662443
2018-04-24,154.42999267578125,24859700.0,54.26532615711153,0.8736301834461344,-0.005730199629592226,154.91381079458773,154.2555322705387
2018-04-25,154.1999969482422,21981400.0,46.32547298271471,-0.11578176727796394,-0.0014893203292570768,154.83937723784828,154.26845526351963
2018-04-26,154.91000366210938,14862900.0,56.38301973698895,-0.32384197548836746,0.004604453488449185,154.74101103944736,154.2633842772028
2018-04-27,154.69000244140625,17734300.0,44.62031734381489,0.1931924456196301,-0.0014201873055467288,154.76700990447227,154.31128200941808
2018-04-30,153.32000732421875,15624600.0,18.833414713541657,-0.11896156036607027,-0.008856390817541224,154.75516260246212,154.33933537475053
2018-05-01,154.07000732421875,24977500.0,23.064870324436,0.5986009241836591,0.004891729481945625,154.53436948273236,154.26382959322967
2018-05-02,154.64999389648438,16786800.0,35.0514788198805,-0.32792313081773594,0.0037644352871686734,154.46292915065334,154.24947238811777
2018-05-03,153.80999755859375,20985900.0,35.0514788198805,0.2501429694760169,-0.005431596320998758,154.49170834231964,154.27914064799677
2018-05-04,155.72999572753906,17927900.0,52.72961852999441,-0.14571688609971456,0.012482921782856744,154.38682976020797,154.24438930804098
2018-05-07,157.0500030517578,16303500.0,66.49883252779352,-0.09060737732807524,0.008476256087030265,154.5934706782589,154.3544342280038
2018-05-08,157.8300018310547,17281200.0,71.37814521926671,0.05996871837335541,0.004966563286470084,154.97139873572027,154.55410599272633
2018-05-09,158.67999267578125,15758500.0,71.84241142626783,-0.08811309399810198,0.0053854833356487865,155.41118382731017,154.7967649437136
2018-05-10,159.52999877929688,15828700.0,76.13394808045322,0.004454738712440905,0.005356731426452595,155.9140774963057,155.0844114423853
2018-05-11,159.83999633789062,14413600.0,89.7561193463269,-0.08940089836815406,0.0019431928851364108,156.47037307830436,155.41371420808244
2018-05-14,159.22999572753906,15028500.0,82.0099239141341,0.04266109785202864,-0.0038163202222681715,156.98877665670224,155.7415869584386
2018-05-15,159.25999450683594,17544900.0,80.69243663331133,0.16744186046511628,0.00018839904604535932,157.33357959067715,155.9999876080016
2018-05-16,160.9199981689453,21004400.0,92.67706511086891,0.1971798072374308,0.010423230687968675,157.62995111624005,156.24146960050783
2018-05-17,161.66000366210938,18639700.0,91.46853385632855,-0.11258117346841615,0.004598592478152727,158.13611220127163,156.58802727224395
2018-05-18,161.8699951171875,17579800.0,89.90064092037885,-0.056862503151874765,0.0012989697533165637,158.67824934909282,156.9637292270488
2018-05-21,162.94000244140625,15667300.0,90.36334227647568,-0.10878963355669576,0.006610288234358114,159.16928715956894,157.32715633002204
2018-05-22,161.75999450683594,13212000.0,73.12307117769565,-0.15671494131088318,-0.007241978132378187,159.74939720292852,157.74292270864308
2018-05-23,161.97000122070312,14235700.0,70.265735258334,0.07748259158340902,0.0012982611337707028,160.05871986506813,158.04048358258328
2018-05-24,162.02999877929688,12785000.0,68.97742658881273,-0.10190577210815063,0.0003704238941876421,160.35276315055043,158.33155896318476
2018-05-25,161.74000549316406,11150200.0,73.0275609510264,-0.12786859601095033,-0.0017897505913569503,160.6107994011268,158.60551746808196
2018-05-29,161.52000427246094,20986900.0,70.03549553059325,0.8821994224318847,-0.0013602152419391587,160.78452341528637,158.8377017662362
2018-05-30,164.0800018310547,25169000.0,74.15901783922763,0.19927192677336814,0.015849414876657652,160.89767431639015,159.03639084077136
2018-05-31,162.77000427246094,28573700.0,57.805910795109455,0.13527355079661488,-0.007983895319202834,161.3872631648001,159.40999165486642
2018-06-01,163.83999633789062,21108200.0,62.35885143647022,-0.2612717288975526,0.006573644021281871,161.59999256597868,159.65888147839195
2018-06-04,164.7100067138672,14836000.0,61.38998262030773,-0.29714518528344436,0.005310122042375551,161.94460853088822,159.96859369020666
2018-06-05,165.72999572753906,13283600.0,76.08415809820183,-0.10463736856295497,0.0061926353718374325,162.37005440519266,160.31980946973707
2018-06-06,166.92999267578125,16661300.0,78.83724148699096,0.2542759492908549,0.00724067446556258,162.8869684547844,160.72056400735204
2018-06-07,166.02000427246094,17571900.0,71.11121516906637,0.054653598458703705,-0.005451317577708949,163.50897218109162,161.18052168649496
2018-06-08,166.52000427246094,17569800.0,74.74126329224296,-0.00011950898878322776,0.003011685261611206,163.89528481053304,161.539001878048
2018-06-11,166.77000427246094,15923000.0,77.0898617729221,-0.09372901228243918,0.0015013211241031957,164.2990878046758,161.90796501837488
2018-06-12,167.52999877929688,16166700.0,71.8631847867919,0.015304904854612824,0.004557141496466561,164.67922879971965,162.26811607423312
2018-06-13,166.8699951171875,19853700.0,78.31495176814991,0.22806138544044238,-0.0039396147968631,165.1178087965777,162.6578851634971
2018-06-14,167.75999450683594,19248100.0,77.76209629487144,-0.030503130398867716,0.005333489636788323,165.38737592282536,162.9698933082149
2018-06-15,167.80999755859375,24922600.0,74.8397698456753,0.29480831874314867,0.00029806302691417265,165.75239416651928,163.32471561922387
2018-06-18,168.60000610351562,18616500.0,73.87698002645536,-0.25302737274602166,0.004707756131430906,166.06894853453073,163.65695872584385
2018-06-19,168.61000061035156,24605900.0,67.42749688967118,0.32172535116697554,5.9279397829921525e-05,166.45834200668224,164.02311038344916
2018-06-20,169.97000122070312,19216900.0,87.47622149837133,-0.2190125132590151,0.008065954601912666,166.78936640724675,164.36288002988638
2018-06-21,168.3800048828125,26946200.0,64.62264490450062,0.4022136765034943,-0.009354570374015837,167.2786948400862,164.77822234031726
2018-06-22,167.82000732421875,33638200.0,57.87108950529025,0.24834670565794065,-0.003325796070522101,167.44812715435177,165.04502104716875
2018-06-25,165.0800018310547,37005100.0,35.83818291828884,0.10009156256874625,-0.016327049061978214,167.50533948817747,165.2505755862095
2018-06-26,166.0399932861328,20464000.0,45.363116681186675,-0.4469951439125958,0.005815310421795333,167.1322106178509,165.23794049323507
2018-06-27,163.3800048828125,27511800.0,29.570917165448478,0.3443999218139171,-0.016020166892782375,166.96417718220195,165.2973518112275
2018-06-28,163.8800048828125,26759100.0,32.408242217595856,-0.027359169519987788,0.0030603500125895747,166.41276605921897,165.15532611282637
2018-06-29,163.77000427246094,24146500.0,26.978010708815347,-0.09763407588446547,-0.0006712265503666654,166.02311049361796,165.06085787356608
2018-07-02,164.89999389648438,24283600.0,34.02232441504539,0.005677841509121405,0.006899857083373436,165.6764787672861,164.96523908829903
2018-07-03,164.9600067138672,13561300.0,25.70318570318571,-0.4415449109687196,0.00036393462464580454,165.55701955639353,164.96040611112758
2018-07-05,166.83999633789062,18640500.0,42.73579201934704,0.3745363645078274,0.011396638867046059,165.46517142677408,164.96037652614532
2018-07-06,168.25,19597500.0,51.87770027692415,0.05133982457552104,0.008451232876161077,165.67668295156125,165.09960762331164
2018-07-09,169.30999755859375,16565200.0,71.64793802759709,-0.15472891950503892,0.00630013407782318,166.0725778820903,165.33297002158486
2018-07-10,168.5399932861328,18790700.0,63.04803499014071,0.134347910076546,-0.0045478960697194456,166.5706424477062,165.6275646539559
2018-07-11,167.11000061035156,23912600.0,72.33532824706474,0.27257632765144457,-0.008484589609265798,166.87361949977185,165.84330010819122
2018-07-12,167.9199981689453,19617600.0,73.3256275758051,-0.17961242190309712,0.004847092068908622,166.90998582447642,165.9371297750179
2018-07-13,167.4199981689453,15409100.0,70.16573933569381,-0.21452675148845934,-0.0029776084174140296,167.0653723390101,166.0840089153088
2018-07-16,166.77000427246094,15946900.0,60.91022232984298,0.03490145433542517,-0.0038824149061837832,167.11993015900015,166.18297108224485
2018-07-17,167.50999450683594,15134700.0,63.78376327519028,-0.05093152901190827,0.004437190234558242,167.06609540722488,166.22645502226086
2018-07-18,167.97999572753906,13780000.0,57.27042181700698,-0.08950953768492273,0.002805810018004297,167.13438757639582,166.3215320211183
2018-07-19,169.1699981689453,18398300.0,56.03674934869629,0.33514513788098693,0.0070841914017929575,167.26448113811017,166.44438118455687
2018-07-20,168.47999572753906,17570700.0,44.27583739358287,-0.04498241685373105,-0.004078751840602162,167.5576376043925,166.64627873895603
2018-07-23,168.69000244140625,12335000.0,51.12114680625406,-0.29797902189440373,0.001246478627687077,167.69953885410737,166.78210962699922
2018-07-24,166.88999938964844,25831300.0,48.4419171616049,1.0941467369274422,-0.010670478544708279,167.85191786753796,166.92343502065899
2018-07-25,167.5,18401200.0,46.93878912844741,-0.2876394141990531,0.0036551058336776444,167.70393040940112,166.9209583072508
2018-07-26,168.39999389648438,20944200.0,56.74928697684487,0.13819750885811796,0.0053730978894589556,167.6725565002625,166.96385028449149
2018-07-27,165.25999450683594,28777100.0,42.25636017628206,0.37398898024274024,-0.018646077811490882,167.7844699458351,167.07023129278724
2018-07-30,164.1999969482422,20093700.0,33.56506876299345,-0.30174687511945264,-0.006414120742028123,167.396089109066,166.93613967901308
2018-07-31,165.8699951171875,23567300.0,40.638865082298594,0.17287010356479893,0.010170512789179381,166.90438262278542,166.73346243969672
2018-08-01,165.75999450683594,17942600.0,33.26789575509275,-0.23866543897688747,-0.0006631736515929046,166.74524608346266,166.66950189728863
2018-08-02,166.97000122070312,18292200.0,42.9505436029241,0.01948435566751753,0.0072997511701611865,166.59366891782778,166.60213097947732
2018-08-03,166.38999938964844,21734900.0,39.62092657190979,0.18820590196914533,-0.003473688847184193,166.65156619519323,166.62938062697552
2018-08-06,167.32000732421875,16288800.0,52.10581612050401,-0.2505693607976112,0.005589325908899371,166.61132514818632,166.6116486834698
2018-08-07,167.72000122070312,15045700.0,51.10000610351563,-0.07631624183488041,0.002390592152612689,166.72035317526823,166.66411969389566
2018-08-08,167.57000732421875,14789500.0,45.51358609586149,-0.017028120991379597,-0.0008943113247834866,166.87414518225822,166.74233314032583
2018-08-09,168.0,10437800.0,70.9480757340675,-0.29424253693498764,0.0025660479619678545,166.981200896406,166.80364233913272
2018-08-10,167.52999877929688,20521900.0,77.98322301693342,0.9661135488321294,-0.0027976263137090775,167.13793922003583,166.89226142512288
2018-08-13,166.5500030517578,20517200.0,56.463960501161814,-0.00022902362841647217,-0.005849673101413339,167.19825607530677,166.93950122913577
2018-08-14,168.1999969482422,17683100.0,67.94122662932745,-0.13813288362934514,0.009906898026123816,167.09852484091462,166.91064951229296
2018-08-15,166.08999633789062,27479900.0,44.28566899049989,0.5540205054543603,-0.012544593630407991,167.2679820881958,167.00615672977068
2018-08-16,167.6300048828125,15484700.0,57.15939465166393,-0.43650813867590493,0.009272133053630203,167.08675351122577,166.93829299703881
2018-08-17,168.35000610351562,15106700.0,56.09468053985532,-0.02441119298404231,0.0042951810519033665,167.17033064531603,166.98953091450352
2018-08-20,168.82000732421875,12547300.0,56.45544320392001,-0.16942151495693963,0.002791809941569762,167.35181917734673,167.09030685443034
2018-08-21,170.75999450683594,20661200.0,65.47038147038147,0.6466650195659625,0.011491453017718705,167.5776942768655,167.2184328151554
2018-08-22,171.17999267578125,14329200.0,65.43687594441647,-0.3064681625462219,0.0024595817665507068,168.06727892763018,167.48077071824287
2018-08-23,170.66000366210938,12945800.0,65.12083220304999,-0.0965441196996343,-0.0030376740035077923,168.54615796580728,167.75478715954202
2018-08-24,171.58999633789062,11894300.0,74.46605206668256,-0.08122325387384326,0.0054493885844661485,168.8713649960076,167.9699883819544
2018-08-27,171.83999633789062,15880400.0,70.44948385736255,0.33512690952809326,0.0014569613924794683,169.2896159716819,168.23813711943117
2018-08-28,172.0,13170300.0,92.51812397634113,-0.17065691040527947,0.0009311200274629794,169.68198218186788,168.50494150598374
2018-08-29,172.5,13157900.0,91.20149955075442,-0.000941512342163808,0.0029069767441860465,170.03860030773436,168.7638347277627
2018-08-30,172.36000061035156,14199600.0,87.61741171755342,0.07916916833233267,-0.0008115906646286232,170.41727718346752,169.0405877108914
2018-08-31,173.02000427246094,12240500.0,88.04363149849209,-0.13796867517394856,0.0038292159420527214,170.71615771068045,169.28647014788845
2018-09-04,172.25,17923500.0,67.12653596697079,0.46427841999918307,-0.004450377143953734,171.07059564326207,169.56302823119012
2018-09-05,171.7899932861328,15166100.0,56.947616118010586,-0.1538427204508048,-0.0026705759876179246,171.2520424673756,169.7620631770279
2018-09-06,170.6300048828125,16647700.0,49.70180132627121,0.0976915621023203,-0.00675236305171885,171.33480413179979,169.9122802221468
2018-09-07,170.5399932861328,17248000.0,37.47018357811629,0.03605903518203716,-0.0005275250196558738,171.22637347810942,169.96544501182572
2018-09-10,170.75,11067100.0,36.86759125805218,-0.3583545918367347,0.0012314220835862074,171.12077652549763,170.00800414325587
2018-09-11,171.02999877929688,14078400.0,38.64172384219554,0.2720947673735667,0.0016398171554721816,171.0637339831134,170.062966799311
2018-09-12,170.6199951171875,21572300.0,27.51202809353805,0.5322977042845778,-0.002397261679446412,171.058543951757,170.13459879782846
2018-09-13,170.66000366210938,14570500.0,29.16686924293819,-0.3245736430515059,0.00023448919274904326,170.99107490028476,170.17055408074395
2018-09-14,171.3800048828125,15734900.0,30.19338716870422,0.07991489653752445,0.00421892186366443,170.9401408636424,170.20680960528955
2018-09-17,169.55999755859375,20023200.0,24.08491947291361,0.27253430272833,-0.01061971800889636,171.00781225120704,170.29371295918014
2018-09-18,170.27000427246094,13018000.0,36.02959738358231,-0.34985416916377005,0.004187347983546857,170.78507152926653,170.23936367024783
2018-09-19,169.64999389648438,17593500.0,39.99999999999999,0.35147488093409124,-0.003641336468074791,170.7058304128349,170.24163334448585
2018-09-20,171.22000122070312,16918700.0,55.32917347287759,-0.03835507431721943,0.009254390690852156,170.54339402570406,170.19780820018946
2018-09-21,170.39999389648438,32539000.0,47.49639816633923,0.9232565149804653,-0.00478920288735285,170.6474874403193,170.273526201709
2018-09-24,169.77000427246094,15786700.0,41.4169803985972,-0.5148375795199607,-0.0036971223391366282,170.60941151049855,170.28289417909977
2018-09-25,170.02999877929688,13758500.0,45.89712355105834,-0.1284752354830332,0.0015314513771153403,170.48027193541583,170.24490233416356
2018-09-26,168.02999877929688,17787200.0,35.62842696479315,0.29281535051059343,-0.011762630208543666,170.41099914216676,170.22898355232158
2018-09-27,168.0399932861328,14471900.0,30.21324293785311,-0.18638683997481334,5.948049103461002e-05,170.04469139403292,170.0660957913568
2018-09-28,168.5500030517578,22740300.0,42.917309581336816,0.5713417035772773,0.0030350499047960126,169.73627630050984,169.91601412430316
2018-10-01,166.3300018310547,27893100.0,27.199098602692885,0.22659331671086133,-0.013171172830067608,169.55377272377876,169.81482811892943
2018-10-02,164.52999877929688,28440300.0,23.93079786936498,0.019617754928638265,-0.010821878385993876,169.05780797105197,169.55669283834612
2018-10-03,165.97000122070312,26027200.0,22.910223543565493,-0.08484790948056103,0.008752218149213578,168.36122194155118,169.1843451302684
2018-10-04,163.63999938964844,29463000.0,19.821444871478732,0.1320080531136657,-0.014038692618651634,167.99334183065147,168.94624558141172
2018-10-05,162.16000366210938,31240100.0,18.423241979007457,0.06031632895496046,-0.009044217386086621,167.32359683972794,168.55319030794777
2018-10-08,161.82000732421875,21330700.0,16.158334088095884,-0.3172012893684719,-0.0020966719919362532,166.52919788932508,168.07962092677457
2018-10-09,161.19000244140625,20620400.0,18.21565924715813,-0.03329942289751391,-0.0038932446811118793,165.80470703315487,167.61594584510377
2018-10-10,156.55999755859375,46921800.0,12.678866406401141,1.2755038699540262,-0.028723896102027423,165.09475248057817,167.13995003742247
2018-10-11,153.57000732421875,68877400.0,8.06272336055595,0.4679189630406336,-0.019098047272618116,163.78171326181132,166.35624985380554
2018-10-12,153.60000610351562,53492600.0,9.380991655866069,-0.2233649934521338,0.00019534269626972952,162.21068157910477,165.40912077753984
2018-10-15,154.1699981689453,32747600.0,14.127389867690127,-0.3878106504451083,0.0037108856951838455,160.88596227516797,164.53437154242692
2018-10-16,158.63999938964844,35569100.0,29.02115706608275,0.08615898569666174,0.028993975960256085,159.8527370280568,163.7666401814283
2018-10-17,157.9600067138672,24140100.0,32.04803728474177,-0.3213182228394871,-0.004286388542596154,159.6661620067632,163.38688901166682
2018-10-18,155.0,31042700.0,29.306333195739526,0.2859391634665971,-0.018738962953002525,159.40367657708688,162.98489773034834
2018-10-19,153.36000061035156,34214200.0,27.258035274071787,0.10216572656373318,-0.010580641223538306,158.72618787291967,162.39342382439662
2018-10-22,153.02999877929688,28218300.0,27.704893155052744,-0.1752459505117758,-0.002151811618031598,157.90062060175535,161.72428136409698
2018-10-23,151.66000366210938,37228100.0,33.71010287523082,0.31928925555401994,-0.008952461139095584,157.15129416753098,161.08026043188957
2018-10-24,145.9499969482422,40412400.0,28.547261450324285,0.08553485136227743,-0.03765004995376887,156.30648024361997,160.38246363412807
2018-10-25,149.11000061035156,32311300.0,39.25321774928107,-0.20046074967089308,0.021651275972482533,154.71317512125415,159.31339202776616
2018-10-26,147.47999572753906,36986100.0,34.76082295921631,0.14468003453900027,-0.010931559762191708,153.85114827342298,158.55758525610582
2018-10-29,146.6699981689453,33031300.0,17.277212606807296,-0.10692665623031355,-0.00549225374328173,152.87097095867162,157.73702306880458
2018-10-30,149.72999572753906,29017200.0,30.091907015199723,-0.12152413014322778,0.020863145815744943,151.91697514486756,156.91724344659278
2018-10-31,150.02999877929688,36785400.0,36.202114031639304,0.2677101856829742,0.002003626930596609,151.58051677297087,156.38485472666287
2018-11-01,153.49000549316406,28496400.0,50.32779821172994,-0.22533396401833336,0.02306209919362237,151.34197554317487,155.91412465648762
2018-11-02,154.0,26671600.0,52.42378997327997,-0.06403615895341166,0.003322656124725013,151.67244168932706,155.7345602740192
2018-11-05,153.8800048828125,16940900.0,55.91684452310616,-0.3648337557551853,-0.0007791890726461039,152.03052758327675,155.60607432779557
2018-11-06,154.63999938964844,15572900.0,81.46272258389573,-0.08075131781664492,0.0049388775846134925,152.3150625524361,155.4782173318709
2018-11-07,157.41000366210938,22127800.0,80.92400962827448,0.42091710599824056,0.01791259883208691,152.67274514277645,155.4161271139285
2018-11-08,156.99000549316406,14987700.0,88.9435561876245,-0.3226755484051736,-0.0026681796529708837,153.40155414575074,155.563821673053
2018-11-09,154.0800018310547,20654400.0,75.89100253780043,0.37809003382773876,-0.01853623517604175,153.95362358381433,155.66946491898716
2018-11-12,151.02999877929688,21886800.0,54.54546424589053,0.05966767371601209,-0.019794931305245397,153.97306639108209,155.55172691247364
2018-11-13,150.5500030517578,18468500.0,51.79559539327749,-0.15618089442038124,-0.0031781482580854003,153.52028675849974,155.21678408779388
2018-11-14,149.4499969482422,24549100.0,33.33329136744992,0.3292416817824945,-0.007306583070193976,153.06332003438558,154.87109660364305
2018-11-15,151.5800018310547,24482000.0,41.19360552603378,-0.0027332977583699606,0.014252291243272272,152.5074241749789,154.46953366620596
2018-11-16,151.94000244140625,29323500.0,43.06151317297428,0.19775753614900743,0.0023749875049665554,152.36474381437517,154.25549427100958
2018-11-19,148.86000061035156,21540900.0,32.269962311769476,-0.2654048800450151,-0.02027117139373781,152.29939898776456,154.08397635770564
2018-11-20,145.99000549316406,25907000.0,15.18295184831284,0.20268883844221922,-0.019279827390971567,151.77026077585487,153.69701519123495
2018-11-21,148.02999877929688,17902300.0,25.1387220047436,-0.3089782684216621,0.013973513318542444,150.88099073236398,153.12612558397043
2018-11-23,147.88999938964844,11134800.0,29.70491002817623,-0.37802405277534173,-0.0009457501236432996,150.4423765857383,152.74863470955017
2018-11-26,149.80999755859375,15346400.0,45.679880869016436,0.3782375974422531,0.012982609891603684,150.04970317095524,152.38873579696485
2018-11-27,148.57000732421875,14461800.0,43.34678391058016,-0.057642183183026635,-0.008277086006159331,150.0128253844381,152.1977181496781
2018-11-28,152.24000549316406,26125900.0,57.994302213532336,0.8065455199214482,0.024702147055404078,149.79085337517358,151.92899882927372
2018-11-29,151.8300018310547,15134500.0,50.79466087226447,-0.42070895165334016,-0.0026931400900913993,150.1676460087106,151.95203635993226
2018-11-30,152.6199951171875,20304700.0,52.103941230902876,0.3416168357064984,0.005203143493417455,150.423393058302,151.9429967652006
2018-12-03,154.0800018310547,23379800.0,67.95051275485574,0.15144769437617892,0.009566287253161936,150.76133183659206,151.99314479127372
2018-12-04,147.52000427246094,41077900.0,54.196380741931165,0.7569825233748791,-0.042575269214927984,151.27189645112477,152.14772679422046
2018-12-06,147.1999969482422,37581200.0,47.486365514201026,-0.08512363095484433,-0.0021692469831258608,150.69468226979188,151.8049325333494
2018-12-07,144.02000427246094,28525100.0,40.10230809816832,-0.24097421050951007,-0.021603211560523233,150.15703837416885,151.4638261937118
2018-12-10,143.60000610351562,30776600.0,32.79779596998624,0.07893048578269664,-0.002916248829924686,149.2128792815984,150.91243197732285
2018-12-11,143.4499969482422,29229300.0,34.905635763132594,-0.05027520908742356,-0.0010446319561107941,148.34936033112413,150.3707708014853
2018-12-12,144.82000732421875,27894800.0,24.69308119934344,-0.0456562421953314,0.009550438516013858,147.59561211837305,149.85812088643024
2018-12-13,142.77000427246094,23205400.0,22.208627665370457,-0.16811018541090095,-0.014155523740365005,147.16859599619548,149.4849272892294
2018-12-14,140.61000061035156,24037200.0,16.015916782309148,0.03584510501865945,-0.01512925402724822,146.49188957715938,148.9875255842836
2018-12-17,137.02000427246094,36468500.0,6.9192379243750395,0.5171692210407202,-0.025531586105592644,145.58698358226587,148.36696817880716
2018-12-18,136.85000610351562,42277200.0,10.21631948513891,0.15927992651192124,-0.001240681386984015,144.2689867653728,147.52645233389262
2018-12-19,134.0,47676600.0,8.594785788473601,0.1277142289460986,-0.020825765264196137,143.1276051250871,146.7356044649758
2018-12-20,131.7899932861328,57908100.0,9.15168651562162,0.21460213186342986,-0.01649258741691931,141.723358182766,145.79222635645908
2018-12-21,128.3699951171875,59404800.0,7.623861748992098,0.025846125153475938,-0.025950363025818372,140.1951481986686,144.7550239068053
2018-12-24,125.87999725341797,28575700.0,6.745489890405054,-0.5189664808230985,-0.01939703948338115,138.37589387844073,143.5413180705373
2018-12-26,131.92999267578125,40182700.0,24.209660234041323,0.4061842754508201,0.048061610695650125,136.45344824382184,142.23307208408403
2018-12-27,132.47999572753906,39527900.0,28.09704951342728,-0.016295569984097633,0.004168900798088031,135.75753200258484,141.46988101680233
2018-12-28,132.86000061035156,35994400.0,32.15108797030054,-0.08939255563791651,0.002868394437406425,135.2532956525778,140.803963587968
2018-12-31,133.89999389648438,29173400.0,41.85801205730805,-0.1895017002644856,0.007827738080348791,134.88509641531223,140.21552188592236
2019-01-02,134.66000366210938,27295100.0,44.4556943052698,-0.06438399363804014,0.005675950711488079,134.7335421816464,139.74770499781584
2019-01-03,132.25,29294600.0,45.46867209113229,0.07325490655832,-0.017896952298891863,134.7222285632561,139.37083823220794
2019-01-04,137.19000244140625,35355300.0,62.250469740669914,0.20688795887296635,0.037353515625,134.34188570737055,138.84336873352586
2019-01-07,139.58999633789062,30477900.0,76.68886522397821,-0.13795385698890972,0.0174939416413336,134.78005751260682,138.72089715633183
2019-01-08,141.72999572753906,27320900.0,88.34057578105305,-0.103583252126951,0.015330607105027563,135.52004810111202,138.78527487348433
2019-01-09,142.89999389648438,25764600.0,84.73716049454298,-0.05696371642222621,0.008255120328899962,136.47542465902387,139.00340234415503
2019-01-10,143.63999938964844,22896800.0,84.91863576207,-0.11130776336523758,0.005178485127858834,137.4638199263255,139.29203875543868
2019-01-11,143.67999267578125,22428400.0,84.5907688225073,-0.020457007092694175,0.00027842722293755913,138.41400138222133,139.6141099135283
2019-01-14,142.25,29185000.0,76.04493680404973,0.30125198409159815,-0.009952622137224608,139.22415388892284,139.9152864144359
2019-01-15,143.4499969482422,25678900.0,76.68488396547268,-0.12013363028953229,0.008435830919101495,139.68966867524242,140.08822816151473
2019-01-16,144.52000427246094,20827300.0,90.54862090909366,-0.1889333265833038,0.00745909617972886,140.2681807172424,140.3372480716427
2019-01-17,145.8300018310547,19273400.0,87.56526458111915,-0.07460880671042334,0.0090644721828546,140.92230741804525,140.6470818642959
2019-01-18,147.3300018310547,28306700.0,86.50949140684718,0.46869260223935577,0.010285949263977676,141.677337327739,141.03100186183357
2019-01-22,145.0,27741100.0,65.15294859665721,-0.019981135208272247,-0.015814849671464282,142.5469780205568,141.49759445214625
2019-01-23,144.60000610351562,20621300.0,58.48310414667945,-0.2566516828820775,-0.0027585785964439656,142.92436601739422,141.75703190013542
2019-01-24,145.47000122070312,16976300.0,59.01480631820431,-0.17675898221741598,0.006016563488695095,143.18215679987443,141.9676225818673
2019-01-25,147.33999633789062,22266900.0,65.27549928673324,0.3116462362234409,0.012854850494916779,143.5341328646173,142.22705803659588
2019-01-28,146.5500030517578,22784700.0,68.95948071589945,0.02325424733573151,-0.00536170290327104,144.11965032204398,142.60579420706216
2019-01-29,146.1999969482422,12084800.0,63.10773384225103,-0.4696089919990169,-0.0023883049896083015,144.49355074199997,142.89795782518777
2019-01-30,147.8000030517578,25516900.0,64.8820419658657,1.1114871574208924,0.010943954424855837,144.75608092757568,143.1425533157844
2019-01-31,149.05999755859375,27252900.0,64.7219683723984,0.0680333426082322,0.008524996487278166,145.2243766389883,143.48754959252318
2019-02-01,149.17999267578125,17057900.0,59.64543532185925,-0.3740886291000224,0.0008050122041651807,145.81447216508144,143.9003235159358
2019-02-04,150.9600067138672,21301700.0,82.9646633864747,0.2487879516235879,0.011931989043292904,146.33224455134294,144.2914101203688
2019-02-05,151.1199951171875,18295900.0,87.04544351119095,-0.1411061089021064,0.0010598065461374677,147.04420796096204,144.7853802384057
2019-02-06,150.92999267578125,13720600.0,83.62065725582164,-0.25007242059696433,-0.0012572951796280215,147.67125213884287,145.25461097016733
2019-02-07,149.69000244140625,22850800.0,65.68764464291536,0.6654373715435185,-0.008215664841637358,148.1725968368334,145.67500961502762
2019-02-08,149.85000610351562,13463000.0,74.05249823723189,-0.41083025539587237,0.0010689001235871171,148.40604385292153,145.97241649105567
2019-02-11,151.10000610351562,16374800.0,81.57224628804131,0.21628166084825076,0.0083416746685783,148.62819189147447,146.25964535123788
2019-02-12,152.99000549316406,20779900.0,82.23608889158471,0.2690170261621516,0.012508268122462128,149.00847100101927,146.61819059214733
2019-02-13,153.4199981689453,15534500.0,80.19396875112275,-0.2524266238047344,0.0028105932436250747,149.62101476904155,147.09017688111152
2019-02-14,153.77000427246094,18251000.0,80.80545957648138,0.1748688403231517,0.0022813590646129462,150.20547375364214,147.55905253206217
2019-02-15,156.22000122070312,27240200.0,82.38920907787451,0.492531916059394,0.015932866490015202,150.75386306422965,148.01912303135097
2019-02-19,156.64999389648438,15856900.0,82.9559549401105,-0.41788606544739026,0.00275248157995959,151.5948073959948,148.6265954898215
2019-02-20,157.38999938964844,18317400.0,86.12984326436145,0.15516904312948937,0.004723942049133205,152.37252839607012,149.22092129772247
2019-02-21,156.7899932861328,17497000.0,92.77101345898237,-0.04478801576642973,-0.0038122250831845897,153.1444470104668,149.8260381934207
2019-02-22,158.14999389648438,20411800.0,93.68414627878289,0.16658855803852088,0.008674026842195464,153.70530028364618,150.34188671880676
2019-02-25,158.19000244140625,17957100.0,92.76229812955785,-0.12025886986938927,0.0002529784790764028,154.3890993010059,150.92026502826437
2019-02-26,157.10000610351562,21497300.0,77.43656606195186,0.1971476463348759,-0.006890424938797006,154.97385363029827,151.4587640959045
2019-02-27,157.32000732421875,18194900.0,76.78572551419714,-0.15361929172500732,0.0014003896381656585,155.30095401079325,151.87663387424607
2019-02-28,156.77999877929688,18155300.0,70.14717447477811,-0.002176434055696926,-0.0034325484349169806,155.61157759747408,152.2798467223922
2019-03-01,158.24000549316406,19247100.0,65.58638959204097,0.060136709390646255,0.009312455193487248,155.7913347023699,152.61319131919996
2019-03-04,156.80999755859375,23301800.0,51.06953726142975,0.21066550285497557,-0.009036955794545195,156.16805328556902,153.02999236912322
2019-03-05,156.0800018310547,16798200.0,41.23164663491001,-0.27910290192174,-0.0046552881761655,156.26681394295744,153.30999275352843
2019-03-06,153.02000427246094,29604600.0,31.017219495554528,0.7623673965067685,-0.019605314727673927,156.23807361804933,153.51517861112296
2019-03-07,151.67999267578125,26822500.0,17.35631228212803,-0.09397526060139302,-0.008757100766339803,155.74298602642034,153.47849903048134
2019-03-08,151.63999938964844,20466800.0,16.95262085753923,-0.23695404977164694,-0.0002636688295357376,155.11791012632202,153.3452763375406
2019-03-11,154.2899932861328,20854500.0,37.750615605448466,0.018942873336330057,0.017475559925815155,154.58284693606456,153.21895952658562
2019-03-12,154.3699951171875,18966800.0,36.98143090324353,-0.09051763408377089,0.0005185160058068254,154.53779252838274,153.29829536062616
2019-03-13,154.97999572753906,24109100.0,42.10525611321477,0.2711211168990025,0.003951549068123571,154.511977542045,153.37768052777884
2019-03-14,154.35000610351562,14217500.0,31.598853785467327,-0.4102849131655682,-0.004064973812045937,154.5839803398133,153.4963705425759
2019-03-15,154.75999450683594,22025900.0,39.2669688607963,0.5492104800422015,0.0026562253780887555,154.54798430345983,153.5596028063492
2019-03-18,155.75,24510200.0,48.318030446083185,0.11278994274921797,0.006397037531041866,154.58060125782538,153.64852071008897
2019-03-19,154.9600067138672,18633100.0,62.86477516493301,-0.23978180512602917,-0.005072188032955458,154.76050875662148,153.80418584267497
2019-03-20,153.25999450683594,29463200.0,60.00003862995019,0.5812291030478021,-0.010970651351160002,154.79120075004388,153.88980220350402
2019-03-21,155.27000427246094,31845000.0,68.38909158369921,0.08083982731000028,0.013115032217591176,154.55563055878113,153.8431497815286
2019-03-22,149.6199951171875,40663000.0,31.857053597787186,0.27690375255142097,-0.036388284921787285,154.66553420703957,153.94884270678287
2019-03-25,150.27999877929688,26454700.0,34.79556644657727,-0.3494159309445934,0.0044111995966343775,153.8892974239854,153.6281873297758
2019-03-26,151.86000061035156,21308600.0,39.18171909886458,-0.1945249804382586,0.01051372001523036,153.33402070941793,153.38017336307368
2019-03-27,151.27000427246094,23477100.0,39.29069013559929,0.10176642294660372,-0.003885133251147951,153.10724838648463,153.26756797398315
2019-03-28,152.6199951171875,19473300.0,43.01567808384951,-0.17054065451013967,0.008924378968714893,152.8245954458656,153.11960029238892
2019-03-29,153.08999633789062,28298900.0,41.01351225959704,0.45321542830439626,0.0030795520622461034,152.79311847222283,153.08259250163326
2019-04-01,154.75999450683594,20075200.0,49.362206915880215,-0.2906014014679016,0.010908604147193246,152.83879199001788,153.0831409339486
2019-04-02,154.36000061035156,18253500.0,53.82477652991061,-0.09074380329959353,-0.002584607848811385,153.1343616079899,153.20735230971803
2019-04-03,155.16000366210938,19554700.0,49.58238183126349,0.07128495904894952,0.00518270956591434,153.32292145450708,153.29273366532053
2019-04-04,155.9199981689453,15909500.0,88.04357240659962,-0.18641042818350576,0.004898134112518914,153.6055494864459,153.43104996137896
2019-04-05,157.3800048828125,21379000.0,89.097007726874,0.34378830258650495,0.009363819465192746,153.96161851452274,153.61541649527277
2019-04-08,157.1199951171875,14202400.0,83.89174117457365,-0.33568455025960053,-0.0016521143573391497,154.48752410964426,153.8942748943498
2019-04-09,155.1999969482422,18534200.0,71.61713013788311,0.30500478792316793,-0.012219947992700021,154.8925196492663,154.13321713307852
2019-04-10,157.30999755859375,18938800.0,73.80710423992689,0.02182991442846198,0.013595365024750799,154.93982384910873,154.2122378601277
2019-04-11,157.11000061035156,12218700.0,70.98122914460009,-0.35483240754430057,-0.001271355612142159,155.30446595826027,154.44170154149555
2019-04-12,157.67999267578125,14120300.0,67.21697901015753,0.15563030436953196,0.003627980798264552,155.58224052012048,154.63935332437376
2019-04-15,157.1699981689453,10964000.0,66.35622093457013,-0.22352924512935277,-0.0032343640951618953,155.90497162099138,154.86458586892246
2019-04-16,157.5399932861328,16782900.0,64.58329048025985,0.5307278365560014,0.0023541077909142974,156.09959108990736,155.03535715040564
2019-04-17,156.10000610351562,17108500.0,51.01814660551631,0.019400699521536804,-0.009140454766947994,156.3211914277882,155.2208857530521
2019-04-18,155.63999938964844,23276300.0,38.90299941027752,0.3605108571762574,-0.002946871850614408,156.28716291636164,155.28600577901236
2019-04-22,155.22999572753906,15596800.0,38.17268267157598,-0.32992786654236284,-0.0026343077853844053,156.1875992968673,155.31222752794835
2019-04-23,157.57000732421875,23396100.0,64.09044972666591,0.5000577041444398,0.015074480841878618,156.04027567081678,155.3061362834736
2019-04-24,158.05999755859375,18053100.0,55.52284555988027,-0.22837139523253874,0.003109666888361487,156.27561900210938,155.4738304346399
2019-04-25,156.75,19365100.0,47.72150896311419,0.07267449911649523,-0.008287976583753435,156.55013878003004,155.66539836974758
2019-04-26,158.27000427246094,16999100.0,53.33340229968293,-0.12217855833432309,0.009696996953498804,156.5808866600254,155.74573923124777
2019-04-29,159.02999877929688,13698900.0,60.219793855229156,-0.1941396897482808,0.004801885931130773,156.84075090809242,155.9327218268932
2019-04-30,158.2899932861328,24127500.0,53.9598727736189,0.7612728029257824,-0.0046532446635496,157.1775582728931,156.16214974929346
2019-05-01,156.7899932861328,17734300.0,53.62007432444332,-0.26497565019169,-0.009476278120048472,157.34870212108382,156.31976778905934
2019-05-02,157.52000427246094,22715700.0,59.59184372537968,0.28089070332632243,0.004655979447590743,157.26274691570674,156.35459930736107
2019-05-03,160.52999877929688,20178800.0,71.37096426861848,-0.11168046769414985,0.019108649220384587,157.302324970592,156.44092560107217
2019-05-06,160.7100067138672,21262100.0,65.33202004503129,0.05368505560290999,0.0011213351768462583,157.79889017193122,156.7438199105703
2019-05-07,157.52999877929688,25434500.0,47.950511103610886,0.1962364959246735,-0.019787242870520763,158.24675425530597,157.03761152562933
2019-05-08,156.75999450683594,16113700.0,50.04033286001234,-0.36646287522852816,-0.004887985008745738,158.13648418207381,157.07408465553064
2019-05-09,156.19000244140625,25259900.0,40.90909697185531,0.5676039643284907,-0.0036360811776172362,157.92471653972953,157.05081871859028
2019-05-10,156.6199951171875,26544700.0,39.15391440257326,0.05086322590350714,0.0027530102379155746,157.65783744767978,156.98705454990997
2019-05-13,151.6300048828125,26936500.0,28.320351111080214,0.014760008589285244,-0.03186049284857498,157.4981693968348,156.9598649623009
2019-05-14,153.5399932861328,15519200.0,39.69561742502675,-0.42385981846193826,0.012596375003723374,156.59537485621598,156.56506051196843
2019-05-15,154.0399932861328,18410600.0,38.80303762268909,0.1863111500592814,0.0032564805383846415,156.12531615312628,156.34098145820283
2019-05-16,155.0,13772100.0,29.503325490905794,-0.25194724778116956,0.006232191351008131,155.8044972505119,156.17053788990134
2019-05-17,152.83999633789062,21534000.0,24.56361500471968,0.5635959657568562,-0.013935507497479838,155.68072844274084,156.08383137953828
2019-05-20,151.77999877929688,18689800.0,28.464380091987238,-0.13207950218259495,-0.006935341428891186,155.24369273430236,155.8435473023792
2019-05-21,153.82000732421875,11659100.0,39.94531042076534,-0.3761784502776916,0.013440562401691999,154.7108167412246,155.5425437080768
2019-05-22,152.52999877929688,13922600.0,38.07038938767878,0.1941401995008191,-0.008386480844477018,154.5737691386083,155.4149484203836
2019-05-23,149.38999938964844,26379400.0,29.97231439017689,0.8947179406145404,-0.020586110370274482,154.25934292948347,155.20124844696977
2019-05-24,150.7899932861328,16093100.0,47.09539693410338,-0.38993684465909006,0.00937140305378021,153.51021315412424,154.77078555383486
2019-05-28,149.58999633789062,14042200.0,35.63639067339459,-0.12743971018635317,-0.007958067522193753,153.09171778981786,154.4759120525236
2019-05-29,148.33999633789062,22622300.0,30.34485879320995,0.6110224893535201,-0.008356173745579398,152.5529914125983,154.1139923699582
2019-05-30,147.92999267578125,17739100.0,24.659494130566998,-0.21585780402523175,-0.0027639454781666823,151.90483832418172,153.6862889601754
2019-05-31,145.86000061035156,25411300.0,24.819641341408243,0.4325022126263452,-0.013993051902371802,151.2933236090432,153.25989664281286
2019-06-03,146.3699951171875,26554500.0,29.67691715083619,0.04498785973169417,0.0034964658213483073,150.45742776309064,152.7117561959639
2019-06-04,150.16000366210938,21217600.0,37.84859144940282,-0.20097911841684082,0.025893343385626943,149.82859197141323,152.24199611605454
2019-06-05,150.19000244140625,18184100.0,41.521744899358254,-0.14297092979413317,0.00019977875975801365,149.87957838536647,152.08777445279935
2019-06-06,149.8000030517578,20772500.0,51.85522224002032,0.14234413581095573,-0.002596706726871439,149.92733593244952,151.9471987482517
2019-06-07,150.86000061035156,17107500.0,50.326831839746966,-0.17643519075701047,0.007076085026697278,149.90774625849696,151.7881472151781
2019-06-10,151.75,18912300.0,60.38463908541112,0.10549758877685225,0.005899505409304422,150.05424692801304,151.71939561482057
2019-06-11,151.3000030517578,15373000.0,65.41671633725134,-0.1871427589452367,-0.0029653835139518124,150.31513201601103,151.72166260631533
2019-06-12,151.47000122070312,11928800.0,68.91033165095139,-0.22404215182462758,0.0011235833808090425,150.46665063689517,151.690428565237
2019-06-13,153.07000732421875,14839400.0,90.55122164722845,0.24399771980417143,0.010563188028131698,150.6210122651733,151.67410061379005
2019-06-14,151.72999572753906,16154800.0,77.57197285447191,0.08864239794061754,-0.008754240102970655,150.9977807357957,151.77750111085885
2019-06-17,152.24000549316406,12509300.0,66.14903815397592,-0.2256604848094684,0.0033612982270217846,151.1104291960639,151.7739821935759
2019-06-18,154.00999450683594,22100800.0,73.34956210302471,0.7667495383434725,0.011626306816911878,151.28421016484853,151.80850243798983
2019-06-19,154.55999755859375,15625000.0,78.53709765062544,-0.29301201766451895,0.003571216618239668,151.70356160207737,151.97157592457103
2019-06-20,155.2899932861328,17595700.0,77.6528543997074,0.1261248,0.00472305731799925,152.14301328769528,152.16331086042456
2019-06-21,153.9499969482422,19854400.0,63.00233571112935,0.12836658956449587,-0.00862899346915153,152.62716405668567,152.39491696603258
2019-06-24,152.0800018310547,24002600.0,53.94736029257324,0.20893101780965428,-0.012146769433299762,152.83067680923284,152.51010807582588
2019-06-25,151.14999389648438,17462200.0,48.496208253502054,-0.2724871472257172,-0.006115254625019377,152.71518835105158,152.47824835399098
2019-06-26,150.8000030517578,15726900.0,37.912649520704996,-0.0993746492423635,-0.0023155200718450245,152.4743892041951,152.37985913491642
2019-06-27,153.6300048828125,22278400.0,58.731668048093276,0.4165792368489658,0.018766590011827584,152.21679133458935,152.26283275838614
2019-06-28,155.5,35089900.0,63.316998250970194,0.5750637388681413,0.012172069633232873,152.43420880354677,152.3641047676029
2019-07-01,156.10000610351562,23151300.0,59.43998687770768,-0.340228954770461,0.0038585601512258843,152.9058689876165,152.59639330333601
2019-07-02,155.14999389648438,19024600.0,52.57191052789817,-0.17824916959306822,-0.006085920370824728,153.39727469775482,152.8559201774234
2019-07-03,156.25999450683594,9115100.0,54.092830046793594,-0.5208782313425775,0.007154370957256703,153.66692380525168,153.0258515640205
2019-07-05,156.67999267578125,14156700.0,62.48853497582747,0.5531041897510725,0.002687816355496792,154.06585775934158,153.26541770793276
2019-07-08,155.19000244140625,9735700.0,64.7393351219618,-0.3122902936418798,-0.009509767066802491,154.46803236187077,153.51834918703264
2019-07-09,155.39999389648438,12381600.0,71.61752698620653,0.2717729593146872,0.0013531248906153582,154.5791046817993,153.64217535402327
2019-07-10,155.6699981689453,17325400.0,74.97433393429488,0.39928603734573886,0.0017374792990068825,154.70539533021238,153.77238413494632
2019-07-11,154.91000366210938,14260800.0,58.33333333333333,-0.17688480496842784,-0.004882087208680582,154.85379576694052,153.91294813746475
2019-07-12,156.11000061035156,16678000.0,54.35093500969728,0.16949960731515765,0.007746413529623484,154.86244313542804,153.98680410225325
2019-07-15,155.2899932861328,12194300.0,44.39824829842241,-0.2688391893512412,-0.0052527533214574585,155.05437505464704,154.14407791766794
2019-07-16,155.24000549316406,15152700.0,50.71099529699331,0.242605151587217,-0.0003218996402211439,155.09062401333716,154.22896053755423
2019-07-17,154.1300048828125,14155100.0,33.175361162469486,-0.0658364515894857,-0.0071502226943714,155.11360577946436,154.30385275648828
2019-07-18,154.7100067138672,15746900.0,34.82285394531736,0.11245416846225036,0.0037630689202642416,154.96228256459486,154.290975136216
2019-07-19,153.82000732421875,17182600.0,38.37012896172598,0.09117350081603363,-0.005752694402595898,154.92347089525214,154.3220145123383
2019-07-22,153.67999267578125,14474600.0,35.22337580619789,-0.15760129433263884,-0.0009102499139944773,154.7537072689393,154.28482879469982
2019-07-23,154.6999969482422,15493200.0,42.617959365681,0.07037154740027358,0.006637196258935546,154.58852040845346,154.24002611922438
2019-07-24,157.25999450683594,23823100.0,64.03815968658449,0.5376487749464282,0.016548142269519537,154.60567064534405,154.27409803248497
2019-07-25,155.36000061035156,17902500.0,45.865493967147366,-0.24852349190491582,-0.012081864192115205,155.01402816249666,154.49527554910355
2019-07-26,157.1999969482422,14260300.0,59.46483823258093,-0.2034464460270912,0.011843436731861256,155.06725469293588,154.55932925734416
2019-07-29,156.14999389648438,13192200.0,54.10273873650755,-0.07490024754037433,-0.006679408855863554,155.3953688860599,154.75493427148476
2019-07-30,157.83999633789062,1200.0,65.89540354024419,-0.9999090371583208,0.010822942731119117,155.51146504150984,154.85827202148474
2019-07-31,156.55999755859375,40445900.0,57.47772551718863,33703.916666666664,-0.008109470406707061,155.8697006255684,155.07914048936667
2019-08-01,154.2899932861328,38070200.0,51.70903796493479,-0.058737721252339545,-0.014499261036404726,155.97590015372614,155.1888336056057
2019-08-02,152.5800018310547,30148300.0,46.409949691786245,-0.20808663994410326,-0.01108297057157118,155.7165298664041,155.12225284120032
2019-08-05,148.0,39221500.0,32.256354262724486,0.300952292500738,-0.03001705188158228,155.23398709173497,154.9339379515599
2019-08-06,149.36000061035156,24283300.0,27.65837904642885,-0.3808676363729077,0.009189193313186234,154.12106600069882,154.42031291811102
2019-08-07,149.32000732421875,23952100.0,30.910251847307862,-0.013639002936174243,-0.0002677643677650114,153.38859440218386,154.0454749693881
2019-08-08,152.5399932861328,19415600.0,36.45346330523466,-0.18939884185520267,0.02156433032394984,152.76265792865075,153.69544032900518
2019-08-09,150.6199951171875,19313200.0,34.698378867689996,-0.005274109478975669,-0.012586851012532834,152.72840182980184,153.60985165916279
2019-08-12,148.6699981689453,15963000.0,24.98632700476911,-0.17346685168692916,-0.012946468008613486,152.40403156632271,153.38838080420166
2019-08-13,150.27000427246094,21912600.0,33.13672790643447,0.3727118962601015,0.010762131722752921,151.82956488980312,153.03887097936786
2019-08-14,146.07000732421875,28235800.0,30.02916078767491,0.2885645701559833,-0.027949669453838533,151.5896324871351,152.8337697418192
2019-08-15,145.49000549316406,24202400.0,31.773771176002654,-0.14284702399082017,-0.003970711316302658,150.74045938514797,152.33275030347843
2019-08-16,148.6300048828125,22783400.0,51.749043888767446,-0.058630549036459194,0.021582234319153782,149.9326972479197,151.82588031752923
2019-08-19,150.1300048828125,17023400.0,52.12122638773175,-0.2528156464794543,0.010092174868612006,149.7322830379032,151.5891488038465
2019-08-20,149.14999389648438,13324100.0,49.5547054469651,-0.21730676598094387,-0.006527748980579169,149.7934710140431,151.4810640689551
2019-08-21,150.3800048828125,13446100.0,43.68425232473161,0.009156340765980441,0.008246805475445063,149.69447453441867,151.30839220432765
2019-08-22,150.02999877929688,12979100.0,48.10046611435129,-0.03473126036545913,-0.002327477670906955,149.79994074186388,151.23962277310432
2019-08-23,145.42999267578125,36974600.0,41.08911265041584,1.8487799616306215,-0.030660575491188998,149.83533428608433,151.15002099578524
2019-08-26,147.02999877929688,19167100.0,41.08911265041584,-0.4816144055649013,0.011001899086130376,149.15758942296077,150.72631519430345
2019-08-27,144.85000610351562,24546200.0,46.22525173171782,0.28064235069467997,-0.01482685638223791,148.830267785474,150.45251397837703
2019-08-28,146.5399932861328,20115500.0,53.03991489722638,-0.18050451801093448,0.011667152995557728,148.2179198344035,150.03751339505396
2019-08-29,149.11000061035156,18786300.0,51.43711059314561,-0.06607839725584748,0.0175379244026617,147.95977728851568,149.77843783143018
2019-08-30,148.83999633789062,18727100.0,45.83062088447532,-0.003151232547122105,-0.0018107723918967858,148.1367347226443,149.72892396320213
2019-09-03,146.66000366210938,20688000.0,42.53152900815205,0.10470921819181828,-0.014646551527939557,148.24492881729756,149.66307747243832
2019-09-04,147.83999633789062,13107500.0,42.35857613972721,-0.36642014694508895,0.008045770123528978,148.00109417803785,149.4406275605621
2019-09-05,150.58999633789062,25666700.0,51.47212902749632,0.9581689872210567,0.01860119093695614,147.97630989493828,149.32206228480865
2019-09-06,149.89999389648438,14645900.0,64.79154716798217,-0.4293812605438175,-0.0045819938786507254,148.37841550154633,149.4159833257777
2019-09-09,151.91000366210938,25780100.0,65.72167634433762,0.7602264114871738,0.013409004986438102,148.61250448538294,149.45183596064484
2019-09-10,153.85000610351562,29576200.0,79.45026413285532,0.1472492348749617,0.012770735268503855,149.11981205103316,149.63392245704964
2019-09-11,157.0,42970500.0,81.24254265668739,0.45287427052833024,0.020474447653677372,149.84753421295355,149.94622494938045
2019-09-12,157.0399932861328,38648300.0,77.90287629957498,-0.10058528525383693,0.00025473430657842357,150.94791356480684,150.4687268049819
2019-09-13,157.30999755859375,31042800.0,79.8029778817223,-0.19678743955102812,0.0017193344625848238,151.88515659885698,150.95548728506716
2019-09-16,157.89999389648438,23242600.0,94.53246665312479,-0.2512724367647248,0.0037505330051948362,152.71974751573956,151.42619174977284
2019-09-17,157.49000549316406,22986700.0,90.71736966601897,-0.011009955856917901,-0.0025965067711724646,153.5167084973926,151.90573264952926
2019-09-18,156.52000427246094,19735700.0,79.44395534792946,-0.1414296092958102,-0.006159128750206491,154.12798495828054,152.3193824897985
2019-09-19,155.75999450683594,21531600.0,78.89546825976059,0.090997532390541,-0.00485567176641536,154.49598792969292,152.6305396588846
2019-09-20,155.42999267578125,22707200.0,70.80373858746037,0.05459882219621394,-0.0021186558981305336,154.6904504800226,152.86235112910322
2019-09-23,155.30999755859375,14944600.0,60.99393783407406,-0.34185632750845546,-0.0007720203489799004,154.804226202447,153.0525467992275
2019-09-24,152.42999267578125,27576700.0,14.128643427936296,0.8452618337058202,-0.018543589775835014,154.88203718031573,153.2197653739954
2019-09-25,154.10000610351562,21917500.0,31.625115155954063,-0.20521672281309947,0.010955937203818511,154.5047995642335,153.1612636926462
2019-09-26,152.3800048828125,20641600.0,23.91541636256774,-0.05821375613094559,-0.011161590866827909,154.44252364719998,153.23080016752542
2019-09-27,151.16000366210938,20181900.0,16.567565440112375,-0.02227056042167274,-0.008006307793738189,154.12521306806343,153.1677782945837
2019-09-30,151.33999633789062,16905400.0,18.78174711981299,-0.162348440929744,0.0011907427323406977,153.66902700560897,153.01905424773375
2019-10-01,148.3699951171875,34093500.0,15.611837708584687,1.0167224673772877,-0.01962469467801575,153.31071459519077,152.89467958774537
2019-10-02,147.25,24894600.0,15.151556808028047,-0.26981389414404505,-0.007548663166719733,152.55060390626718,152.55951777511146
2019-10-03,147.74000549316406,25362800.0,18.916811914920913,0.018807291541137434,0.0033277113287882003,151.73512638222607,152.16622016214023
2019-10-04,149.13999938964844,18640400.0,27.399289265085784,-0.26504960020187046,0.009476065009007684,151.12049239929345,151.83835240888274
2019-10-07,148.8800048828125,15762800.0,33.90757848662676,-0.15437436964871998,-0.0017432915911221552,150.81580116704038,151.63847440745798
2019-10-08,146.4600067138672,18110600.0,17.5721134229605,0.1489456187986906,-0.01625468894127293,150.51798635408224,151.43414333155832
2019-10-09,147.1300048828125,10929500.0,25.535836177474394,-0.396513643943326,0.004574615172961586,149.89368179404914,151.0656887672849
2019-10-10,147.72000122070312,16349000.0,32.97024377862918,0.4958598289034265,0.004010034108002313,149.46850073078195,150.77415662769437
2019-10-11,150.22000122070312,29236300.0,45.491156770144826,0.7882622790384733,0.01692390996033665,149.19950080615445,150.54792289384315
2019-10-14,149.6699981689453,10692600.0,56.50002517704037,-0.6342697263333595,-0.0036613170502491767,149.35650086993115,150.5236323995365
2019-10-15,151.38999938964844,16801200.0,69.52831587448051,0.5712922956063071,0.01149195725092221,149.40473122362565,150.4604002343075
2019-10-16,151.5500030517578,13119100.0,68.54918030351206,-0.219156964978692,0.001056897171242842,149.71015709532145,150.52925943099945
2019-10-17,153.33999633789062,13175800.0,69.699819499494,0.004321942816199282,0.011811238865640198,149.9932103193886,150.60487006957413
2019-10-18,152.61000061035156,14490200.0,66.75651035418795,0.0997586484312148,-0.004760634830918403,150.5081004760812,150.80747201537537
2019-10-21,154.0399932861328,17450300.0,87.37671812126995,0.20428289464603663,0.0093702422518977,150.83146972750743,150.94099265204028
2019-10-22,154.2100067138672,12471800.0,86.7220035234509,-0.2852959547973387,0.0011036966706339123,151.3250887365267,151.17054825456566
2019-10-23,154.39999389648438,8728000.0,86.14718471741486,-0.3001812088070687,0.0012320029462789919,151.76892227150216,151.39569332562502
2019-10-24,154.17999267578125,9091400.0,78.44824940258259,0.04163611365719523,-0.001424878428755782,152.17370252149942,151.61823410865165
2019-10-25,155.0,10531500.0,86.86033873265445,0.15840244626790154,0.005318506701080921,152.48236254523508,151.8079940025131
2019-10-28,156.33999633789062,15392400.0,86.13141287665313,0.4615581825950719,0.008645137663810485,152.86969138442967,152.04443889121583
2019-10-29,156.85000610351562,11978300.0,86.80559234856176,-0.22180426704087733,0.0032621835587276,153.4035844541929,152.36262833171025
2019-10-30,156.3300018310547,14451500.0,75.21080516379375,0.2064733726822671,-0.003315296475779239,153.93380316947332,152.6950266851773
2019-10-31,155.4499969482422,17344200.0,73.35516739446871,0.2001660727260146,-0.0056291490597148355,154.3024491174089,152.96428410339044
2019-11-01,158.10000610351562,18421600.0,77.80817909137464,0.06211874863066616,0.017047341314234767,154.4789949375371,153.14841098078688
2019-11-04,158.9499969482422,16182000.0,79.69914604438428,-0.12157467320971034,0.005376285970349887,155.03607357845686,153.51519580469272
2019-11-05,159.14999389648438,13760200.0,79.72457861788959,-0.14966011617846992,0.0012582381382952221,155.6382156353469,153.91777366717787
2019-11-06,158.22999572753906,16025500.0,73.30261681553759,0.16462696763128443,-0.005780698738472495,156.17848921398345,154.30534553601538
2019-11-07,158.64999389648438,13448900.0,72.01441576752183,-0.1607812548750429,0.002654352400214431,156.49410560068432,154.59606036501714
2019-11-08,159.0800018310547,11967400.0,68.56367218917538,-0.11015770806534364,0.002710418853535432,156.8257807231151,154.89635173771842
2019-11-11,158.77999877929688,10508700.0,63.45878006529132,-0.12188946638367565,-0.0018858627627903863,157.17258397049042,155.20625174463223
2019-11-12,158.8300018310547,14316900.0,68.65668242646188,0.3623854520540124,0.00031492034350822994,157.41987855646065,155.4709737472
2019-11-13,158.14999389648438,14514400.0,70.76915853844619,0.013794885764376366,-0.004281356964873851,157.6368205987059,155.71979064230035
2019-11-14,158.10000610351562,13054000.0,50.0,-0.10061731797387422,-0.0003160783743151394,157.71577033682567,155.89980569816584
2019-11-15,158.9199981689453,13119200.0,49.61241838311832,0.00499463765895511,0.005186540378074366,157.77488353170105,156.06278350596952
2019-11-18,158.52000427246094,10759500.0,42.260554641192805,-0.17986615037502288,-0.0025169513031276774,157.951055014354,156.27442903656032
2019-11-19,159.11000061035156,15203700.0,61.764801880018275,0.4130489335006274,0.0037219046302607423,158.03858566944737,156.44076794292332
2019-11-20,158.50999450683594,21314300.0,48.21429266526794,0.4019153232436841,-0.003771014400188426,158.20341873727878,156.63848888125133
2019-11-21,157.72999572753906,15388300.0,34.19192532822562,-0.2780293042699033,-0.004920817653950752,158.25058424028757,156.77711892759095
2019-11-22,158.22000122070312,13482400.0,43.72198843614219,-0.12385383700603705,0.0031066094366127557,158.17049369986472,156.84770239425376
2019-11-25,161.5800018310547,24753000.0,67.69629271779644,0.8359490891829348,0.021236257011935263,158.17811024153218,156.94935415917593
2019-11-26,161.69000244140625,15496700.0,74.58345519202811,-0.37394659233224253,0.0006807810936069755,158.7014781783818,157.29236509783362
2019-11-27,162.8300018310547,13202500.0,78.5283447421557,-0.14804442236088974,0.007050524908375546,159.16125114192403,157.61811601217235
2019-11-29,161.77000427246094,9988200.0,66.70578259889592,-0.2434614656315092,-0.006509841839181192,159.7256743248672,158.00418162838585
2019-12-02,160.19000244140625,17190900.0,58.599366705691004,0.7211209226887727,-0.009766964142459755,160.040186624497,158.2831314538729
2019-12-03,159.67999267578125,14884400.0,52.95945417064773,-0.13416982240604042,-0.003183780247531675,160.06323521171382,158.42438115665314
2019-12-04,160.77999877929688,10833200.0,61.20434234448644,-0.2721775818978259,0.0068888160945066446,160.00427482157033,158.5173894173293
2019-12-05,160.94000244140625,11470700.0,66.87696249813477,0.05884687811542296,0.000995171435030376,160.12361696891287,158.68499011080837
2019-12-06,162.82000732421875,16486200.0,71.1008981667096,0.43724445761810526,0.011681402101984912,160.24921473391186,158.85202806122302
2019-12-09,162.50999450683594,13476700.0,55.923492594176416,-0.18254661474445294,-0.0019040216400770269,160.64472128626676,159.14595245107455
2019-12-10,162.61000061035156,13704400.0,55.86730374363815,0.016895827613584928,0.0006153843264785679,160.93168639712354,159.39514075150132
2019-12-11,162.55999755859375,19612200.0,47.9999819156319,0.4310878258077698,-0.00030750293075535086,161.189888583774,159.63327851882354
2019-12-12,163.9600067138672,24857000.0,65.44417997047265,0.26742537808099043,0.008612261173102029,161.4006745799001,159.85007252176948
2019-12-13,163.3300018310547,23279600.0,75.56977596640117,-0.0634589853964678,-0.0038424302086785427,161.79441798512582,160.1545120915545
2019-12-16,163.8800048828125,20115300.0,83.98038596006083,-0.13592587501503461,0.003367434308405413,162.03066165373025,160.3897335537397
2019-12-17,164.6999969482422,12980000.0,83.2201000866383,-0.35472003897530735,0.005003612649487339,162.31517599666597,160.64827217070805
2019-12-18,165.02000427246094,15379300.0,83.6631407197766,0.18484591679506934,0.0019429710391513481,162.6820715276777,160.94839993200688
2019-12-19,165.72999572753906,11919800.0,79.75430067431577,-0.22494521857301697,0.00430245689429188,163.04175348841358,161.250000253522
2019-12-20,165.97000122070312,25449500.0,85.89201766465644,1.1350609909562241,0.0014481717211809546,163.4553292175098,161.58185177011583
2019-12-23,166.3000030517578,13372100.0,86.5345451688734,-0.4745633509499204,0.0019883221583872775,163.8422018333857,161.90689987756673
2019-12-24,166.67999267578125,4334500.0,88.28988269462029,-0.6758549517278513,0.0022849646244755195,164.22032509775065,162.23231492750682
2019-12-26,166.67999267578125,9371200.0,84.17071459516242,1.1620025377782905,0.0,164.59873549437074,162.56177253849012
2019-12-27,165.86000061035156,12261800.0,80.33584110302834,0.30845569404131806,-0.004919559044046161,164.91892890689545,162.86682588199315
2019-12-30,165.44000244140625,14912700.0,69.30700548412926,0.21619174998776688,-0.00253224507053993,165.06370916896563,163.08854252853823
2019-12-31,165.6699981689453,17362400.0,64.05806331767641,0.16426938113151876,0.0013902062629654512,165.1216004416488,163.26272474430624
2020-01-02,165.77999877929688,18297500.0,61.72840087597428,0.053857761599778835,0.0006639742353312949,165.20596932277135,163.4410412942795
2020-01-03,165.1300048828125,19295600.0,40.56611469124725,0.05454843557863096,-0.003920822181629478,165.2942815468522,163.6142974042808
2020-01-06,165.35000610351562,17150900.0,40.189867305352216,-0.11114969215779763,0.0013322910082831576,165.26900821392303,163.72657203232018
2020-01-07,164.8000030517578,11817900.0,27.810482596722494,-0.31094578127095374,-0.003326295926554057,165.2814694277065,163.84682640796427
2020-01-08,165.30999755859375,13832400.0,30.48428465852281,0.17046175716497855,0.003094626804562415,165.20739767756055,163.91743208528231
2020-01-09,165.50999450683594,11895400.0,34.23172943649054,-0.1400335444319135,0.001209829721105035,165.22318227464257,164.02058508330538
2020-01-10,164.88999938964844,15353000.0,36.18223709950876,0.2906669805134758,-0.0037459678434216418,165.26730723344156,164.1309117072706
2020-01-13,165.9600067138672,17271100.0,56.250068774781845,0.12493323780368658,0.006489219044086694,165.209259872858,164.18714042448377
2020-01-14,166.57000732421875,18323000.0,59.91200976026189,0.06090521159625038,0.0036755880071954253,165.32475938685943,164.318463853327
2020-01-15,167.3699951171875,15437200.0,65.20078657454953,-0.15749604322436284,0.004802712119785291,165.51633599260703,164.48524485117082
2020-01-16,169.52999877929688,19976200.0,82.64095157025392,0.2940300054414013,0.012905560883819138,165.80151431946555,164.69893005606093
2020-01-17,169.07000732421875,18306400.0,76.64764777894368,-0.08358947147105054,-0.0027133336777579184,166.37512731328576,165.05678699852285
2020-01-21,167.6699981689453,17935100.0,68.32694788617664,-0.020282524144561463,-0.008280647628935723,166.78972423804467,165.35406257820404
2020-01-22,167.55999755859375,14916300.0,65.14133390288583,-0.16831799097858388,-0.000656054222895173,166.92515099664476,165.52561336270338
2020-01-23,167.4499969482422,15954300.0,63.21528207985298,0.0695883027292291,-0.0006564849125943475,167.02281969848306,165.67630848832488
2020-01-24,165.38999938964844,20491400.0,52.84738080590053,0.28438101326915,-0.012302165399444486,167.08853927536907,165.80769281868913
2020-01-27,163.50999450683594,18539000.0,37.226208849782815,-0.09527899509062339,-0.011367101334726574,166.82722544679666,165.77675256468612
2020-01-28,164.8699951171875,16690400.0,41.77943515897775,-0.09971411618749663,0.008317538108012746,166.31688222526424,165.6088445604009
2020-01-29,163.92999267578125,14944400.0,33.587791816754944,-0.10461103388774386,-0.005701476734672723,166.09428420863705,165.55411497201473
2020-01-30,163.92999267578125,21889700.0,16.346146792355952,0.4647426460747839,0.0,165.76131628050538,165.4338096167382
2020-01-31,160.52999877929688,30439000.0,12.078147698445392,0.39056268473300226,-0.020740523689333906,165.4795741874709,165.3224157692599
2020-02-03,162.32000732421875,17403600.0,27.038683946849687,-0.4282466572489241,0.011150617071783891,164.71810104775182,164.96742191815153
2020-02-04,164.77000427246094,15994200.0,40.028619761814646,-0.08098324484589395,0.015093622706340518,164.34916355182366,164.77131713341578
2020-02-05,167.30999755859375,17807000.0,49.573692432215935,0.11334108614372711,0.015415386419076143,164.41390827807555,164.77121988445617
2020-02-06,166.92999267578125,14768900.0,55.223855875925594,-0.17061268040658167,-0.0022712622578302186,164.85946047507835,164.95927748994785
2020-02-07,164.8800048828125,18029600.0,54.59427042770695,0.22078150708583577,-0.01228052406945423,165.1780038905711,165.10525639260217
2020-02-10,165.80999755859375,11428800.0,53.24586916203001,-0.36610906509295826,0.005640421204755767,165.13215788937745,165.0885710955807
2020-02-11,166.9600067138672,15005600.0,60.31319496885397,0.3129637407251855,0.006935704554648754,165.23644091541072,165.14201009284093
2020-02-12,168.11000061035156,12123000.0,63.19448525126458,-0.19210161539691847,0.006887840502158174,165.50160488440403,165.27667650921325
2020-02-13,168.5500030517578,12649300.0,81.13358203915872,0.04341334653138662,0.0026173484016938156,165.9028965345498,165.48655236855683
2020-02-14,167.89999389648438,16006200.0,0.0,0.26538227411793536,-0.0038564766746034093,166.31014369104335,165.71347464138654
