Date,Close,Volume,12 SMA,12 EMA
2018-01-02,158.49000549316406,32573300.0,0.0,0.0
2018-01-03,160.02999877929688,29383600.0,0.0,0.0
2018-01-04,160.30999755859375,24776100.0,0.0,0.0
2018-01-05,161.9199981689453,26992300.0,0.0,0.0
2018-01-08,162.5500030517578,23159100.0,0.0,0.0
2018-01-09,162.55999755859375,24782400.0,0.0,0.0
2018-01-10,162.17999267578125,34004000.0,0.0,0.0
2018-01-11,163.2899932861328,20473500.0,0.0,0.0
2018-01-12,164.49000549316406,37762700.0,0.0,0.0
2018-01-16,164.02000427246094,41231800.0,0.0,0.0
2018-01-17,165.7899932861328,33849900.0,0.0,0.0
2018-01-18,165.82000732421875,26432200.0,162.62083307902017,162.62083307902017
2018-01-19,166.33999633789062,38937600.0,163.2749989827474,163.11301373212765
2018-01-22,168.1199951171875,26081400.0,163.94916534423828,163.60947259455273
2018-01-23,169.50999450683594,37989700.0,164.7158317565918,164.30339913649655
2018-01-24,168.41000366210938,54287400.0,165.2566655476888,165.10441380885646
2018-01-25,168.35000610351562,28925000.0,165.7399991353353,165.6129660939723
2018-01-26,170.92999267578125,32038200.0,166.43749872843424,166.03404917236358
2018-01-29,170.10000610351562,37277800.0,167.0974998474121,166.78727124981245
2018-01-30,168.6999969482422,44987700.0,167.54833348592123,167.2969227657668
2018-01-31,169.39999389648438,42449200.0,167.9574991861979,167.51278033230147
2018-02-01,167.9600067138672,38037900.0,168.28583272298178,167.8031208806373
2018-02-02,164.61000061035156,68478100.0,168.1875,167.82725716267265
2018-02-05,158.1199951171875,105372200.0,167.54583231608072,167.3322946161617
2018-02-06,162.30999755859375,118537900.0,167.20999908447266,165.91501777016566
2018-02-07,160.2100067138672,91028300.0,166.55083338419595,165.3603992760777
2018-02-08,153.4499969482422,94184800.0,165.21250025431314,164.56803118958376
2018-02-09,156.10000610351562,113836600.0,164.18666712443033,162.85756438322352
2018-02-12,158.8699951171875,63050600.0,163.39666620890299,161.81794003249922
2018-02-13,159.69000244140625,31785600.0,162.46000035603842,161.3644100455282
2018-02-14,162.67999267578125,52107400.0,161.8416659037272,161.10680887566326
2018-02-15,165.6999969482422,51633900.0,161.5916659037272,161.3488371526045
2018-02-16,164.9600067138672,62256300.0,161.22166697184244,162.01824635193336
2018-02-20,165.2899932861328,36785600.0,160.9991658528646,162.47082486915394
2018-02-21,164.82000732421875,41161800.0,161.01666641235352,162.9045430871507
2018-02-22,164.8000030517578,37074400.0,161.57333374023438,163.19922989285348
2018-02-23,168.1699981689453,50096900.0,162.06166712443033,163.44550268653106
2018-02-26,170.39999389648438,39266700.0,162.91083272298178,164.17234814536403
2018-02-27,168.2899932861328,42209900.0,164.14749908447266,165.13044749169023
2018-02-28,167.2100067138672,42936300.0,165.0733324686686,165.61653146006603
2018-03-01,164.47999572753906,76809900.0,165.54083251953125,165.86168149911236
2018-03-02,165.99000549316406,57445100.0,166.0658327738444,165.64911445733185
2018-03-05,167.8300018310547,38540200.0,166.49500020345053,165.70155923207525
2018-03-06,168.5399932861328,29480900.0,166.7316665649414,166.02901193961054
2018-03-07,168.92999267578125,34609400.0,167.06249872843424,166.41531676215243
2018-03-08,169.86000061035156,25828400.0,167.44333267211914,166.8021899796338
2018-03-09,173.16000366210938,38310500.0,168.13833236694336,167.2726223843596
2018-03-12,174.0800018310547,37635000.0,168.91166559855142,168.17837335016728
2018-03-13,171.7100067138672,55638900.0,169.20666631062826,169.08631619338072
2018-03-14,171.67999267578125,40536400.0,169.31333287556967,169.4899608888402
2018-03-15,171.52999877929688,28810400.0,169.58333333333334,169.82688885606188
2018-03-16,171.02000427246094,31176700.0,169.9008331298828,170.0889057673288
2018-03-19,167.10000610351562,71395100.0,170.11916732788086,170.2321516911953
2018-03-20,167.64999389648438,34075700.0,170.25749969482422,169.75028313924457
2018-03-21,166.9199981689453,43863500.0,170.1816660563151,169.42716171728148
2018-03-22,162.8000030517578,66607300.0,169.70333353678384,169.04144424830668
2018-03-23,158.50999450683594,80110400.0,168.83500035603842,168.0812225257607
2018-03-26,164.39999389648438,57481500.0,168.37999979654947,166.6087259074646
2018-03-27,159.0800018310547,78889100.0,167.20666631062826,166.2689209826984
2018-03-28,157.25,89369700.0,165.80416615804037,165.16293342090705
2018-03-29,160.1300048828125,68692600.0,164.83916600545248,163.9455590484598
2018-04-02,155.50999450683594,85549400.0,163.49166615804037,163.35855071528331
2018-04-03,157.25999450683594,64090000.0,162.3024991353353,162.15108052936833
2018-04-04,159.74000549316406,65768700.0,161.36249923706055,161.39860575667103
2018-04-05,160.64999389648438,43054900.0,160.82499821980795,161.14343648536226
2018-04-06,156.6300048828125,59870900.0,159.90666580200195,161.06752224091952
2018-04-09,157.72999572753906,41810400.0,159.1408322652181,160.3848272627492
2018-04-10,161.2100067138672,48296800.0,159.0083325703939,159.97639164194766
2018-04-11,160.27999877929688,41622100.0,159.15583292643228,160.16617857608912
2018-04-12,162.2100067138672,30467900.0,158.97333399454752,160.18368937658263
2018-04-13,161.3699951171875,44604900.0,159.16416676839194,160.49543050539563
2018-04-16,162.60000610351562,28180800.0,159.61000061035156,160.62997890720976
2018-04-17,166.10000610351562,35536100.0,160.1075007120768,160.93306001433373
2018-04-18,166.44000244140625,29573900.0,161.01833470662436,161.7279747972848
2018-04-19,164.91000366210938,34705700.0,161.6558354695638,162.45290212714963
2018-04-20,162.3000030517578,49197100.0,161.86916859944662,162.83091774791268
2018-04-23,161.88999938964844,33040600.0,161.9725023905436,162.74923856388887
2018-04-24,158.4600067138672,70256800.0,162.1250025431315,162.61704792169803
2018-04-25,158.64999389648438,52089300.0,162.2016690572103,161.97750312049328
2018-04-26,161.99000549316406,43005500.0,162.26666895548502,161.4655786244919
2018-04-27,162.08999633789062,51043400.0,162.41750208536783,161.5462596812107
2018-04-30,160.94000244140625,35615300.0,162.3116683959961,161.62991147454608
2018-05-01,162.77999877929688,36513500.0,162.42916870117188,161.52377162329378
2018-05-02,161.82000732421875,38646800.0,162.36416880289713,161.71703733960194
2018-05-03,161.8000030517578,60337100.0,162.00583521525064,161.73287887569683
2018-05-04,164.8699951171875,41543200.0,161.87500127156576,161.74320567201391
2018-05-07,166.24000549316406,32500200.0,161.98583475748697,162.22425020204062
2018-05-08,166.07000732421875,26040200.0,162.30000178019205,162.84205870836732
2018-05-09,167.8800048828125,29122700.0,162.7991689046224,163.33866618772907
2018-05-10,169.6199951171875,27067600.0,163.72916793823242,164.03733367928038
2018-05-11,169.4600067138672,24688800.0,164.630002339681,164.89620466972764
2018-05-14,169.75,21821700.0,165.27666854858398,165.5983280611337
2018-05-15,167.8699951171875,49361600.0,165.7583351135254,166.2370468209593
2018-05-16,168.97999572753906,22941200.0,166.42833455403647,166.48826963576366
2018-05-17,168.3300018310547,27480200.0,166.8908348083496,166.8716121114214
2018-05-18,167.4600067138672,26217900.0,167.36083475748697,167.09597976059575
2018-05-21,168.39999389648438,22954600.0,167.91083399454752,167.15198390725288
2018-05-22,168.17999267578125,19477700.0,168.18666712443033,167.34398544405772
2018-05-23,169.60000610351562,26557800.0,168.46666717529297,167.47260194124596
2018-05-24,169.5500030517578,27696500.0,168.75666681925455,167.79989488928743
2018-05-25,169.72000122070312,27460500.0,168.9099998474121,168.06914229889827
2018-05-29,168.97000122070312,41220500.0,168.85583368937174,168.32312059456055
2018-05-30,170.17999267578125,22665800.0,168.91583251953125,168.42264069089018
2018-05-31,170.07000732421875,35670900.0,168.94249979654947,168.69300253471957
2018-06-01,172.74000549316406,45543300.0,169.34833399454752,168.90484942541175
2018-06-04,174.3000030517578,20459600.0,169.79166793823242,169.4948734358352
2018-06-05,174.83999633789062,24779300.0,170.33416748046875,170.23412414597712
2018-06-06,175.86000061035156,25036600.0,171.03416697184244,170.94271986780996
2018-06-07,174.42999267578125,39600300.0,171.5366668701172,171.69922459743174
2018-06-08,174.44000244140625,31780300.0,172.05833435058594,172.11934276333167
2018-06-11,174.91000366210938,22319700.0,172.5008341471354,172.4763673291893
2018-06-12,175.8300018310547,22511800.0,173.0241673787435,172.8507729188693
2018-06-13,175.82000732421875,37858600.0,173.53250122070312,173.3091158284363
2018-06-14,177.60000610351562,35916000.0,174.25166829427084,173.69540682778745
2018-06-15,176.97999572753906,49615700.0,174.81833521525064,174.2961144086687
2018-06-18,176.5,31633200.0,175.35416793823242,174.70901922695646
2018-06-19,176.0,38236000.0,175.6258341471354,174.98455473050163
2018-06-20,177.25,33038000.0,175.8716672261556,175.14077707965524
2018-06-21,175.7100067138672,43469400.0,175.9441680908203,175.46527291355443
2018-06-22,175.32000732421875,30073200.0,175.89916865030924,175.5029242674487
2018-06-25,171.3699951171875,77799700.0,175.64416885375977,175.47478319925946
2018-06-26,172.07000732421875,39008100.0,175.4466692606608,174.84327734047915
2018-06-27,169.72999572753906,52843500.0,175.01500193277994,174.41662041490062
2018-06-28,171.19000244140625,46407700.0,174.62833531697592,173.69560123222962
2018-06-29,171.64999389648438,36408500.0,174.28083419799805,173.31012449517988
2018-07-02,172.8000030517578,31770000.0,173.8808339436849,173.05471978768827
2018-07-03,170.8000030517578,25512700.0,173.36583455403647,173.01553259754513
2018-07-05,172.9199981689453,31626200.0,173.06750106811523,172.67468189819323
2018-07-06,175.61000061035156,37005600.0,173.03500111897787,172.7124228629243
2018-07-09,177.19000244140625,27362100.0,173.03000132242838,173.1582040548362
2018-07-10,177.32000732421875,23902500.0,173.16416803995767,173.77848072969314
2018-07-11,176.4199981689453,30280600.0,173.2558339436849,174.32333097500478
2018-07-12,179.4600067138672,27930100.0,173.93000157674155,174.64589515868795
2018-07-13,179.61000061035156,28049800.0,174.55833435058594,175.3865277056386
2018-07-16,179.17999267578125,21405300.0,175.3458340962728,176.03629276790213
2018-07-17,180.27000427246094,31034100.0,176.10250091552734,176.51993890757583
2018-07-18,179.92999267578125,23220800.0,176.7925008138021,177.09687204063508
2018-07-19,179.02999877929688,31094100.0,177.31166712443033,177.5327367537345
2018-07-20,178.99000549316406,35897300.0,177.99416732788086,177.76308475766717
2018-07-23,179.55999755859375,22184700.0,178.54750061035156,177.95184179389747
2018-07-24,180.3000030517578,36900300.0,178.9383341471354,178.19925037308153
2018-07-25,182.82000732421875,35026600.0,179.40750122070312,178.52244309287786
2018-07-26,180.0500030517578,40873500.0,179.6350008646647,179.18360682077648
2018-07-27,177.6199951171875,59456100.0,179.73500061035156,179.31689854861975
2018-07-30,175.11000061035156,60193000.0,179.37250010172525,179.05583648224555
2018-07-31,176.4499969482422,47285100.0,179.10916646321616,178.44878480964647
2018-08-01,177.1199951171875,37101900.0,178.9375,178.14127898481505
2018-08-02,179.52999877929688,47178200.0,178.87583287556967,177.98415838979543
2018-08-03,180.0800018310547,28934400.0,178.88833363850912,178.22197998818027
2018-08-06,181.13999938964844,24808800.0,179.06416702270508,178.50782950246864
2018-08-07,181.8000030517578,29895700.0,179.29833348592123,178.9127787158809
2018-08-08,182.02000427246094,22680700.0,179.50333404541016,179.3569670752466
2018-08-09,181.91000366210938,18852900.0,179.63750076293945,179.76666510558726
2018-08-10,180.52000427246094,33818500.0,179.44583384195963,180.09640949889837
2018-08-13,180.32000732421875,26089200.0,179.46833419799805,180.1615779256003
2018-08-14,181.4499969482422,20913000.0,179.7875010172526,180.1859516792339
2018-08-15,179.22999572753906,58528000.0,180.1308339436849,180.38042018215825
2018-08-16,179.82000732421875,27711800.0,180.41166814168295,180.2034318045245
2018-08-17,179.86000061035156,36092600.0,180.64000193277994,180.14444342293902
2018-08-20,179.6999969482422,24939000.0,180.65416844685873,180.10068299023325
2018-08-21,180.36000061035156,26258700.0,180.6775016784668,180.03903898377308
2018-08-22,181.05999755859375,18042400.0,180.67083485921225,180.0884176955544
2018-08-23,180.8000030517578,25776200.0,180.5875015258789,180.23789152063736
2018-08-24,182.47999572753906,23136100.0,180.6258341471354,180.32437021773282
2018-08-27,184.33999633789062,29343600.0,180.82833353678384,180.65600491154916
2018-08-28,184.61000061035156,20277000.0,181.1691665649414,181.222772823294
2018-08-29,186.74000549316406,29175600.0,181.70416641235352,181.74388479053363
2018-08-30,186.41000366210938,29315500.0,182.11750030517578,182.51251874478447
2018-08-31,186.64999389648438,28653200.0,182.73583348592123,183.1121318089883
2018-09-04,185.85000610351562,29063500.0,183.23833338419595,183.6564182839877
2018-09-05,183.4499969482422,42623300.0,183.53749974568686,183.99389333314585
2018-09-06,181.80999755859375,46091400.0,183.7133331298828,183.91021696623758
2018-09-07,181.11000061035156,46629500.0,183.7758331298828,183.58710628813853
2018-09-10,181.72000122070312,26132000.0,183.8308334350586,183.20601310694053
2018-09-11,183.1199951171875,30116500.0,184.02416610717773,182.97739589367325
2018-09-12,182.5800018310547,36204000.0,184.03249994913736,182.99933423575237
2018-09-13,184.52999877929688,31133200.0,184.04833348592123,182.93482155810656
2018-09-14,183.99000549316406,31224100.0,183.9966672261556,183.1802334382897
2018-09-17,181.33999633789062,33071200.0,183.54666646321616,183.3048137544242
2018-09-18,182.83999633789062,31877300.0,183.2491658528646,183.00253415188058
2018-09-19,182.6999969482422,31843400.0,182.91999944051108,182.97752833434367
2018-09-20,184.72000122070312,33295800.0,182.82583236694336,182.93483119802036
2018-09-21,183.7100067138672,38605400.0,182.8474998474121,183.20947273997155
2018-09-24,183.88999938964844,34945600.0,183.02083333333334,183.28647796672473
2018-09-25,184.13999938964844,25277500.0,183.27333323160806,183.3793274164053
2018-09-26,184.27000427246094,36210600.0,183.48583348592123,183.4963538738273
2018-09-27,185.8300018310547,33113300.0,183.7116673787435,183.61537701207862
2018-09-28,185.7899932861328,28076800.0,183.97916666666666,183.95608852269032
2018-10-01,186.1699981689453,27371300.0,184.1158332824707,184.23822771706608
2018-10-02,185.75,25618600.0,184.2624994913737,184.53542317120136
2018-10-03,185.9499969482422,29128700.0,184.64666620890299,184.72228114486268
2018-10-04,182.3800048828125,80557300.0,184.60833358764648,184.91116049922874
2018-10-05,180.14999389648438,83325600.0,184.39583333333334,184.521751942857
2018-10-08,179.0500030517578,66864500.0,183.92333348592123,183.8491737818766
2018-10-09,179.6300048828125,49097900.0,183.58333333333334,183.1108398233968
2018-10-10,171.72999572753906,114471100.0,182.56999969482422,182.57532675561458
2018-10-11,169.60000610351562,143084500.0,181.35833358764648,180.90681428975682
2018-10-12,174.32000732421875,102078400.0,180.52916717529297,179.1673053380274
2018-10-15,172.2100067138672,64885300.0,179.394167582194,178.42156718205683
2018-10-16,177.22000122070312,71979700.0,178.68000157674155,177.46594249464303
2018-10-17,177.2899932861328,66987600.0,177.94000116984049,177.42810537557534
2018-10-18,173.17999267578125,82486200.0,176.89250055948892,177.40685736181496
2018-10-19,173.02000427246094,82923700.0,175.81500116984049,176.75657048704053
2018-10-22,173.91000366210938,52909300.0,175.1091677347819,176.181714146336
2018-10-23,173.27000427246094,77567000.0,174.53583526611328,175.83222022568575
2018-10-24,165.33999633789062,102997400.0,173.39333470662436,175.43803315595886
2018-10-25,171.05999755859375,83481100.0,172.6791674296061,173.8844890301022
2018-10-26,166.66000366210938,130970900.0,172.2566680908203,173.44995188063936
2018-10-29,163.22999572753906,111871900.0,171.72583389282227,172.40534446240397
2018-10-30,165.9199981689453,92584000.0,171.0258331298828,170.99375234934783
2018-10-31,169.82000732421875,73828600.0,170.82666651407877,170.21317478313205
2018-11-01,172.05999755859375,52706800.0,170.39666620890299,170.15268748176078
2018-11-02,169.3800048828125,75966800.0,169.7375005086263,170.44611980127354
2018-11-05,168.9600067138672,39573500.0,169.38583501180014,170.2821021215103
2018-11-06,170.24000549316406,34410400.0,169.15416844685873,170.07870282802674
2018-11-07,175.5800018310547,51169600.0,169.2933349609375,170.10351862266324
2018-11-08,174.4600067138672,40296500.0,169.3925018310547,170.94605450087732
2018-11-09,171.52000427246094,50602700.0,169.9075024922689,171.486662533645
2018-11-12,166.3300018310547,62578400.0,169.51333618164062,171.49179203192438
2018-11-13,166.47000122070312,64128100.0,169.49750264485678,170.6976704625598
2018-11-14,165.1999969482422,75270700.0,169.6616694132487,170.04725980996648
2018-11-15,168.08999633789062,73254300.0,169.84250259399414,169.3015270620089
2018-11-16,167.5,65390700.0,169.64916865030924,169.11513771983684
2018-11-19,162.05999755859375,67280500.0,168.81583531697592,168.8666549937081
2018-11-20,159.16000366210938,102652800.0,167.96416854858398,167.81947692676744
2018-11-21,160.3699951171875,42965800.0,167.2483342488607,166.4872502706662
2018-11-23,159.2100067138672,23503700.0,166.32916768391928,165.54613409320794
2018-11-26,162.88999938964844,42012600.0,165.27166748046875,164.57134526561705
2018-11-27,163.44000244140625,36608100.0,164.35333379109701,164.3126766693142
2018-11-28,168.6999969482422,70141000.0,164.11833318074545,164.17841909578988
2018-11-29,168.14999389648438,44885700.0,164.2699991861979,164.87404645770562
2018-11-30,169.3699951171875,36722800.0,164.51166534423828,165.37803837136389
2018-12-03,172.3300018310547,50771700.0,165.105832417806,165.99218556302907
2018-12-04,165.72000122070312,70594700.0,164.90833282470703,166.9672342196484
2018-12-06,166.88999938964844,71715500.0,164.85749944051108,166.77535221981066
2018-12-07,161.3800048828125,80432200.0,164.80083338419595,166.79299024593954
2018-12-10,163.07000732421875,73960800.0,165.12666702270508,165.9602232669969
2018-12-11,163.61000061035156,59058300.0,165.39666748046875,165.51557466041564
2018-12-12,165.0500030517578,53780000.0,165.88333384195963,165.22240942194423
2018-12-13,165.10000610351562,46378500.0,166.06750106811523,165.19588536499248
2018-12-14,161.0800018310547,56547400.0,165.87083435058594,165.18113470938064
2018-12-17,157.42999267578125,74834100.0,164.93166732788086,164.55019118963818
2018-12-18,158.4199981689453,63642100.0,164.12083435058594,163.45477603366018
2018-12-19,154.52999877929688,81856500.0,162.88416798909506,162.68019482370406
2018-12-20,152.2899932861328,99002100.0,161.21416727701822,161.42631850917988
2018-12-21,147.57000732421875,141129400.0,159.70166778564453,160.02073001332647
2018-12-24,143.5,56163300.0,157.75250116984049,158.1052342150022
2018-12-26,152.4600067138672,98982100.0,157.00916798909506,155.85827510500187
2018-12-27,153.0500030517578,85824300.0,156.17416763305664,155.33546458328883
2018-12-28,152.97000122070312,77856600.0,155.2875010172526,154.98385511689943
2018-12-31,154.25999450683594,53015300.0,154.38833363850912,154.67403144056155
2019-01-02,154.8800048828125,58576700.0,153.5366668701172,154.61033345075762
2019-01-03,149.82000732421875,74820200.0,152.59833399454752,154.65182136338146
2019-01-04,156.22999572753906,74709300.0,152.4983342488607,153.90846535735642
2019-01-07,158.08999633789062,52059300.0,152.4708340962728,154.26562387584605
2019-01-08,159.52000427246094,49388700.0,152.88666788736978,154.85398887000676
2019-01-09,160.82000732421875,46491700.0,153.5975023905436,155.57183739346124
2019-01-10,161.27999877929688,38943400.0,154.7400016784668,156.3792481520393
2019-01-11,160.69000244140625,30176600.0,156.17250188191733,157.13320978700202
2019-01-14,159.27000427246094,30710200.0,156.7400016784668,157.68040865691037
2019-01-15,162.3800048828125,40874200.0,157.5175018310547,157.92496182853353
2019-01-16,162.35000610351562,33812200.0,158.2991689046224,158.61035306765336
2019-01-17,163.6300048828125,39329000.0,159.08000310262045,159.18568430393987
2019-01-18,165.25,57183200.0,159.94416936238608,159.86942593145872
2019-01-22,161.94000244140625,56711700.0,160.95416895548502,160.69720655738814
2019-01-23,162.14999389648438,38106100.0,161.44750213623047,160.88840592416017
2019-01-24,163.1999969482422,32417800.0,161.87333552042642,161.08249638144082
2019-01-25,165.14999389648438,36515900.0,162.34250132242838,161.40826569941026
2019-01-28,163.11000061035156,33491200.0,162.5333340962728,161.9839161912678
2019-01-29,161.57000732421875,30784200.0,162.55750147501627,162.15715994804992
2019-01-30,165.67999267578125,41346500.0,162.97333399454752,162.06682877515283
2019-01-31,168.16000366210938,37258400.0,163.71416727701822,162.6227001444803
2019-02-01,167.4499969482422,32143700.0,164.13666661580405,163.4745929933463
2019-02-04,169.52999877929688,26718800.0,164.7349993387858,164.08619360179182
2019-02-05,171.02999877929688,28156400.0,165.35166549682617,164.92370209063876
2019-02-06,170.52000427246094,27970000.0,165.79083251953125,165.86313235043232
2019-02-07,168.22999572753906,42036200.0,166.31499862670898,166.57957418459057
2019-02-08,168.55999755859375,29020700.0,166.84916559855142,166.83348519119804
2019-02-11,168.39999389648438,21434100.0,167.28249867757162,167.0991024784897
2019-02-12,170.88999938964844,29722100.0,167.7608324686686,167.29923961971966
2019-02-13,171.00999450683594,26094100.0,168.41916529337564,167.8516641997087
2019-02-14,171.22000122070312,30326800.0,169.22333145141602,168.33756117003597
2019-02-15,171.94000244140625,32521700.0,169.74499893188477,168.78101348552323
2019-02-19,172.27999877929688,19487700.0,170.08833185831705,169.2670117864283
2019-02-20,172.25,32593000.0,170.48833211263022,169.73054824686963
2019-02-21,171.6199951171875,25207400.0,170.6624984741211,170.1181562088897
2019-02-22,172.88999938964844,27735400.0,170.81749852498373,170.34920834862783
2019-02-25,173.52000427246094,32608800.0,171.06749852498373,170.7400992780156
2019-02-26,173.6999969482422,21939700.0,171.52333196004233,171.16777696946875
2019-02-27,173.58999633789062,25162000.0,171.94249852498373,171.55734927389543
2019-02-28,173.19000244140625,25085500.0,172.3416659037272,171.87006420681777
2019-03-01,174.38999938964844,31431200.0,172.6333325703939,172.07313162752368
2019-03-04,174.4199981689453,38063500.0,172.91749954223633,172.42957282169672
2019-03-05,174.5500030517578,22319900.0,173.19499969482422,172.7357921058888
2019-03-06,173.55999755859375,27194600.0,173.3299992879232,173.01490148217636
2019-03-07,171.42999267578125,39407400.0,173.25916544596353,173.0987624170098
2019-03-08,171.1699981689453,39303200.0,173.16916529337564,172.84202861066694
2019-03-11,174.72999572753906,30518400.0,173.42833201090494,172.58479315809439
2019-03-12,175.69000244140625,33953500.0,173.66166559855142,172.91482432262433
2019-03-13,177.00999450683594,42426100.0,173.95249811808267,173.34177480243693
2019-03-14,176.7100067138672,23751500.0,174.2033322652181,173.90611629542138
2019-03-15,178.35000610351562,38192000.0,174.59999974568686,174.33748405210537
2019-03-18,178.4499969482422,32935100.0,175.0383326212565,174.95479513693772
2019-03-19,179.0500030517578,36893300.0,175.42666625976562,175.49251849252303
2019-03-20,179.75999450683594,50105000.0,175.87166595458984,176.0398238093284
2019-03-21,182.57000732421875,42428500.0,176.53999964396158,176.6121577627911
2019-03-22,178.55999755859375,70794500.0,176.95666631062826,177.52875000301074
2019-03-25,178.22000122070312,46336500.0,177.52250035603842,177.68740347310043
2019-03-26,179.0500030517578,33248100.0,178.1791674296061,177.76934158811622
2019-03-27,177.89999389648438,37096700.0,178.4433339436849,177.96636642867645
2019-03-28,178.30999755859375,30368200.0,178.6616668701172,177.95615526987768
2019-03-29,179.66000366210938,35205500.0,178.88250096638998,178.01059254506478
2019-04-01,182.0399932861328,30969500.0,179.32666651407877,178.2643481015332
2019-04-02,182.72999572753906,22645200.0,179.69166564941406,178.8452165914716
2019-04-03,183.77999877929688,31633500.0,180.1358324686686,179.44287492009735
2019-04-04,183.7100067138672,28530800.0,180.52416610717773,180.1101247445896
2019-04-05,184.66000366210938,25674700.0,180.93250020345053,180.66395273986308
2019-04-08,185.1300048828125,22697500.0,181.14583333333334,181.27872980482405
2019-04-09,184.47999572753906,25631900.0,181.63916651407877,181.87123366297612
2019-04-10,185.47000122070312,24563000.0,182.24333318074545,182.27258167290887
2019-04-11,185.02999877929688,20654100.0,182.74166615804037,182.76449237256952
2019-04-12,185.8300018310547,24989100.0,183.4025001525879,183.11303181975833
2019-04-15,185.86000061035156,21073000.0,184.03166707356772,183.53102720611162
2019-04-16,186.5,27195700.0,184.60166676839194,183.88933080676392
2019-04-17,187.14999389648438,29651600.0,185.0275001525879,184.29097222110792
2019-04-18,187.38999938964844,28580900.0,185.41583379109701,184.73082170962738
2019-04-22,187.9199981689453,17936000.0,185.76083374023438,185.13992596809214
2019-04-23,190.30999755859375,33665600.0,186.31083297729492,185.56762938360802
2019-04-24,189.7100067138672,24977100.0,186.7316665649414,186.29722448745198
2019-04-25,190.47999572753906,29517500.0,187.1774991353353,186.82226790690046
2019-04-26,190.64999389648438,26359500.0,187.69166564941406,187.38499526392178
2019-04-29,191.02000427246094,21716200.0,188.1541659037272,187.8873027458545
2019-04-30,189.5399932861328,31495300.0,188.52999877929688,188.36925682687087
2019-05-01,188.92999267578125,34797100.0,188.78833134969076,188.54937012829578
2019-05-02,188.11000061035156,44110100.0,188.97583134969076,188.60792744329353
2019-05-03,191.11000061035156,30386200.0,189.35999806722006,188.53132331514863
2019-05-06,189.94000244140625,38371800.0,189.59249877929688,188.928042899026
2019-05-07,186.24000549316406,58818100.0,189.49666595458984,189.08372898246913
2019-05-08,185.77000427246094,37165300.0,189.31749979654947,188.64623306103758
2019-05-09,184.77000427246094,55351700.0,188.85583368937174,188.20373632433348
2019-05-10,185.0,58526400.0,188.4633331298828,187.67546985481462
2019-05-13,178.5800018310547,67185800.0,187.47166697184244,187.26385910792007
2019-05-14,180.5399932861328,43360600.0,186.62916692097983,185.9278810653254
2019-05-15,183.08999633789062,40944500.0,185.96833292643228,185.09897525314193
2019-05-16,184.92999267578125,39281200.0,185.58416620890299,184.7899015738725
2019-05-17,183.0399932861328,44702300.0,185.09333292643228,184.81145405108924
2019-05-20,179.9499969482422,38608300.0,184.4133326212565,184.53892162571134
2019-05-21,181.8300018310547,31613800.0,183.63999938964844,183.832933213793
2019-05-22,181.02000427246094,24332600.0,182.89666620890299,183.52478992414098
2019-05-23,178.25,45351300.0,182.230832417806,183.13943828542097
2019-05-24,178.16000366210938,25903300.0,181.5966657002767,182.3872170107408
2019-05-28,177.49000549316406,24763800.0,180.9899991353353,181.73687649556675
2019-05-29,176.02999877929688,42178800.0,180.24249903361002,181.08351172596633
2019-05-30,176.77000427246094,30354800.0,180.0916659037272,180.30604819570948
2019-05-31,173.9499969482422,45446200.0,179.54249954223633,179.76204143828662
2019-06-03,170.1199951171875,75842300.0,178.46166610717773,178.86788074751055
2019-06-04,174.91000366210938,47797800.0,177.62666702270508,177.5220521889993
2019-06-05,176.2100067138672,34412700.0,177.05750147501627,177.1201985694778
2019-06-06,177.61000061035156,29913200.0,176.86250178019205,176.98016905323001
2019-06-07,181.0399932861328,45888300.0,176.7966677347819,177.0770662158641
2019-06-10,183.14999389648438,41385300.0,176.9741668701172,177.68674730359774
2019-06-11,183.39999389648438,41260300.0,177.40333302815756,178.52724677942646
2019-06-12,182.33999633789062,27659600.0,177.7516657511393,179.27690018205075
2019-06-13,183.4199981689453,23715800.0,178.24583180745444,179.74814574448766
2019-06-14,182.63999938964844,22844100.0,178.7966651916504,180.31304611748115
2019-06-17,183.74000549316406,20379500.0,179.37749862670898,180.6710389285838
2019-06-18,186.41000366210938,48177300.0,180.41583251953125,181.14318763082693
2019-06-19,187.11000061035156,31672900.0,181.83166631062826,181.953467020255
2019-06-20,188.85000610351562,40922000.0,182.99333318074545,182.74677988026986
2019-06-21,188.57000732421875,39980400.0,184.02333323160806,183.6857377607692
2019-06-24,188.16000366210938,19375200.0,184.9025001525879,184.43716384745375
2019-06-25,184.92999267578125,33921100.0,185.22666676839194,185.00990843432385
2019-06-26,185.7899932861328,22595700.0,185.4466667175293,184.99761370224036
2019-06-27,186.5,19709200.0,185.70500055948892,185.11951825360842
2019-06-28,186.74000549316406,21179200.0,186.07166798909506,185.3319000607456
2019-07-01,189.25999450683594,31193400.0,186.55833435058594,185.54853166573307
2019-07-02,190.00999450683594,18035800.0,187.17250061035156,186.11952594897966
2019-07-03,191.44000244140625,15792100.0,187.81416702270508,186.71805957326524
2019-07-05,191.0500030517578,21415600.0,188.20083363850912,187.44451232221002
2019-07-08,189.7100067138672,17598800.0,188.4175008138021,187.99920320367892
2019-07-09,190.66000366210938,19193500.0,188.5683339436849,188.2624037437079
2019-07-10,192.55999755859375,28374500.0,188.9008331298828,188.63126526961582
2019-07-11,192.4199981689453,23736100.0,189.25583267211914,189.23568562176627
2019-07-12,193.52999877929688,20211900.0,189.9724998474121,189.7255798597938
2019-07-15,194.14999389648438,15606100.0,190.6691665649414,190.3108750781789
2019-07-16,193.14999389648438,20190900.0,191.22333272298178,190.9015087425336
2019-07-17,192.1999969482422,16765100.0,191.67833201090494,191.2474295354491
2019-07-18,192.4199981689453,29066300.0,191.94166564941406,191.3939783681865
2019-07-19,191.00999450683594,29387900.0,192.0249989827474,191.55182756830325
2019-07-22,192.52999877929688,18954900.0,192.11583201090494,191.46846863576982
2019-07-23,193.7899932861328,23786700.0,192.3441645304362,191.63178096554321
2019-07-24,195.14999389648438,20422900.0,192.7974967956543,191.96381363024932
2019-07-25,193.3000030517578,23434700.0,193.01749674479166,192.4539952096701
2019-07-26,195.2899932861328,20431200.0,193.24499638875326,192.58415026229898
2019-07-29,194.6199951171875,20451700.0,193.42832946777344,193.00043380442725
2019-07-30,193.77999877929688,18705000.0,193.44916280110678,193.24959708331343
2019-07-31,191.10000610351562,41627500.0,193.19499715169272,193.33119734423397
2019-08-01,190.14999389648438,63251600.0,192.94499715169272,192.98793715335424
2019-08-02,187.35000610351562,55214000.0,192.54083124796549,192.5513304984512
2019-08-05,180.72999572753906,75040000.0,191.5666643778483,191.75112674538417
2019-08-06,183.25999450683594,41897200.0,190.92083104451498,190.05556812725416
2019-08-07,184.25,49990600.0,190.23083114624023,189.01009526257442
2019-08-08,188.25999450683594,38418100.0,189.76999791463217,188.27777291448606
2019-08-09,186.49000549316406,33608900.0,189.04833221435547,188.2750377748476
2019-08-12,184.35000610351562,24642900.0,188.3024991353353,188.00041742381936
2019-08-13,188.38999938964844,40241900.0,187.72749964396158,187.43881568223418
2019-08-14,182.75999450683594,51000500.0,186.73916625976562,187.58515163722097
2019-08-15,182.5500030517578,36685000.0,185.8033332824707,186.8428197710079
2019-08-16,185.47999572753906,32781400.0,185.33499908447266,186.1823864295848
2019-08-19,188.42999267578125,22494100.0,185.19166564941406,186.07432632157776
2019-08-20,186.97000122070312,19902900.0,185.15999857584634,186.43673652991674
2019-08-21,188.6300048828125,20418500.0,185.81833267211914,186.51877725157618
2019-08-22,188.02000427246094,24243700.0,186.2150001525879,186.8435815025356
2019-08-23,182.07000732421875,55372400.0,186.0333340962728,187.02456962098566
2019-08-26,184.82000732421875,27598900.0,185.74666849772134,186.26232926763691
2019-08-27,184.42999267578125,28012800.0,185.57500076293945,186.04043358403413
2019-08-28,185.08999633789062,21792400.0,185.63666661580405,185.79267344430292
2019-08-29,187.9199981689453,25358900.0,185.5974998474121,185.68456927408565
2019-08-30,187.47000122070312,26319800.0,185.99000040690103,186.02848141175636
2019-09-03,185.64999389648438,27964200.0,186.24833297729492,186.25025369005587
2019-09-04,188.3300018310547,21592100.0,186.48583348592123,186.15790602950642
2019-09-05,191.77999877929688,33932600.0,186.7650006612142,186.49207461436
2019-09-06,191.58999633789062,19487800.0,187.15000025431314,187.30560140896569
2019-09-09,191.19000244140625,24407600.0,187.36333338419595,187.96473909033875
2019-09-10,190.63999938964844,23744700.0,187.58166631062826,188.46093345204144
2019-09-11,192.42999267578125,25063600.0,188.44499842325845,188.79617436551945
2019-09-12,193.22999572753906,28689900.0,189.1458307902018,189.35522333632895
2019-09-13,192.5399932861328,27669800.0,189.8216641743978,189.9513421657459
2019-09-16,191.67999267578125,20319000.0,190.37083053588867,190.34959618426697
2019-09-17,192.60000610351562,20953400.0,190.76083119710287,190.55427256757687
2019-09-18,192.52000427246094,29781300.0,191.18166478474936,190.86900080387514
2019-09-19,192.83999633789062,26039400.0,191.78083165486655,191.12300133750372
2019-09-20,190.8000030517578,29086100.0,191.98666508992514,191.38715441448633
2019-09-23,190.5,22485900.0,191.87999852498373,191.29682343560503
2019-09-24,187.97000122070312,40820700.0,191.5783322652181,191.1742352147427
2019-09-25,190.0800018310547,34704900.0,191.48583221435547,190.68127613873662
2019-09-26,189.3800048828125,26826000.0,191.38083267211914,190.58877239909324
2019-09-27,187.02999877929688,40773500.0,190.93083318074545,190.4028081658193
2019-09-30,188.80999755859375,26307700.0,190.5625,189.88391441404661
2019-10-01,187.27000427246094,32367600.0,190.1233342488607,189.71869643628463
2019-10-02,184.0500030517578,48544300.0,189.48750178019205,189.34197456492714
2019-10-03,186.07000732421875,39392500.0,188.94333521525064,188.52782510136262
2019-10-04,188.80999755859375,31887600.0,188.63416798909506,188.14969928949432
2019-10-07,188.24000549316406,21216000.0,188.25083541870117,188.25128363858653
2019-10-08,185.4199981689453,32379300.0,187.8025016784668,188.24954853929077
2019-10-09,187.22999572753906,20147400.0,187.53000132242838,187.81423309769917
2019-10-10,188.67999267578125,25177700.0,187.58916727701822,187.72435042536685
2019-10-11,191.11000061035156,40976700.0,187.6750005086263,187.87137231004598
2019-10-14,191.08999633789062,14975000.0,187.81749979654947,188.3696228177853
2019-10-15,193.52000427246094,23234200.0,188.35833358764648,188.78814182087845
2019-10-16,193.0399932861328,20457100.0,188.71083323160806,189.51612065958344
2019-10-17,193.5500030517578,19045200.0,189.23416646321616,190.0582549098218
2019-10-18,191.69000244140625,27700800.0,189.87083307902017,190.59544693165813
2019-10-21,193.38999938964844,15801200.0,190.480832417806,190.76384008700398
2019-10-22,191.85000610351562,22392300.0,190.73416646321616,191.16786459510314
2019-10-23,192.22000122070312,14828400.0,191.0658327738444,191.27280944255122
2019-10-24,194.08999633789062,18998500.0,191.7883326212565,191.4185312545746
2019-10-25,195.63999938964844,21507100.0,192.48916625976562,191.82952588277706
2019-10-28,197.57000732421875,18842300.0,193.2300008138021,192.4157525761419
2019-10-29,196.0399932861328,18569700.0,193.64083353678384,193.2087148450768
2019-10-30,196.99000549316406,21764300.0,194.13250096638998,193.6442961437008
2019-10-31,197.0800018310547,26801800.0,194.4291674296061,194.15902065900286
2019-11-01,198.8699951171875,22131900.0,194.91500091552734,194.60840237778007
2019-11-04,200.10000610351562,19015900.0,195.46083450317383,195.2640320299966
2019-11-05,200.2100067138672,15048900.0,196.17083485921225,196.00802804130723
2019-11-06,199.75999450683594,19725500.0,196.70166778564453,196.65448629862414
2019-11-07,200.42999267578125,17832400.0,197.41666666666666,197.1322567921952
2019-11-08,201.22999572753906,15258800.0,198.16749954223633,197.63960077428536
2019-11-11,200.9600067138672,10147600.0,198.74000040690103,198.19196922863208
2019-11-12,201.5399932861328,14778300.0,199.2316665649414,198.61782114943748
2019-11-13,201.58999633789062,15774600.0,199.56666564941406,199.06738609354446
2019-11-14,201.42999267578125,16945400.0,200.0158322652181,199.45547997729003
2019-11-15,202.91000366210938,18427900.0,200.50916544596353,199.7592511616733
2019-11-18,203.07000732421875,18365900.0,201.0083325703939,200.24398231558652
2019-11-19,203.3699951171875,16923300.0,201.3833325703939,200.67875539383763
2019-11-20,202.14999389648438,36629000.0,201.5541648864746,201.092792274353
2019-11-21,201.6999969482422,17883600.0,201.6783307393392,201.25543867775784
2019-11-22,201.8300018310547,17189600.0,201.85083134969076,201.32383225783235
2019-11-25,204.22000122070312,17752800.0,202.16666539510092,201.40170449986655
2019-11-26,204.61000061035156,14780600.0,202.4483324686686,201.83528861076448
2019-11-27,206.0399932861328,16963100.0,202.87166468302408,202.26216737993173
2019-11-29,205.10000610351562,9854600.0,203.168332417806,202.84337136550113
2019-12-02,203.0,28007000.0,203.28583272298178,203.19054594058028
2019-12-03,201.41000366210938,31104100.0,203.28416697184244,203.161231180491
2019-12-04,202.42999267578125,15300100.0,203.2441660563151,202.89181156227843
2019-12-05,202.8300018310547,14962300.0,203.22416559855142,202.82076250281733
2019-12-06,205.0,16555300.0,203.3599993387858,202.82218393793076
2019-12-09,204.07000732421875,13984100.0,203.52000045776367,203.1572325628645
2019-12-10,203.89999389648438,21799800.0,203.70333353678384,203.2976594492267
2019-12-11,204.97999572753906,18780800.0,203.96583302815756,203.39032628726633
2019-12-12,206.50999450683594,32612000.0,204.15666580200195,203.63489081653907
2019-12-13,207.19000244140625,32519400.0,204.37166595458984,204.07721446120013
2019-12-16,209.27000427246094,21296600.0,204.64083353678384,204.55610491969338
2019-12-17,209.38999938964844,15996100.0,204.99833297729492,205.28132020473456
2019-12-18,209.5500030517578,15443300.0,205.5441665649414,205.9134246947213
2019-12-19,210.86000061035156,17865900.0,206.33166631062826,206.47289828811154
2019-12-20,211.7100067138672,27672600.0,207.1050008138021,207.1478371069177
2019-12-23,211.80999755859375,23774700.0,207.85333379109701,207.8497093541407
2019-12-24,211.9199981689453,7089000.0,208.43000030517578,208.45898446251812
2019-12-26,213.7899932861328,17067500.0,209.2399991353353,208.99144810966075
2019-12-27,213.61000061035156,18134100.0,210.04916636149088,209.72968582911798
2019-12-30,212.2100067138672,21815500.0,210.65166727701822,210.32665733392315
2019-12-31,212.61000061035156,18170900.0,211.16000111897787,210.61640339237607
2020-01-02,216.16000366210938,30969400.0,211.90750122070312,210.92311065668
2020-01-03,214.17999267578125,27518900.0,212.31666692097983,211.72878650366914
2020-01-06,215.55999755859375,21655300.0,212.8308334350586,212.10589514553254
2020-01-07,215.52999877929688,22139300.0,213.32916641235352,212.63729551677272
2020-01-08,217.14999389648438,26397300.0,213.85333251953125,213.0823267879303
2020-01-09,218.99000549316406,23547000.0,214.45999908447266,213.70812172770786
2020-01-10,218.42999267578125,21898500.0,215.01166534423828,214.52071923008575
2020-01-13,220.9499969482422,22756900.0,215.76416524251303,215.1221459140389
2020-01-14,220.0800018310547,24418100.0,216.2883326212565,216.0187383808394
2020-01-15,220.1699981689453,25742100.0,216.83499908447266,216.643548142411
2020-01-16,222.27999877929688,18805000.0,217.67416508992514,217.18607891572395
2020-01-17,223.3800048828125,24325200.0,218.57166544596353,217.96975889473518
2020-01-21,223.27999877929688,21146300.0,219.16499837239584,218.80210443136247
2020-01-22,223.8699951171875,20736400.0,219.97249857584634,219.49101125412162
2020-01-23,224.58999633789062,26496100.0,220.7249984741211,220.16470107920867
2020-01-24,222.6999969482422,37436500.0,221.3224983215332,220.84551573439052
2020-01-27,218.10000610351562,42264400.0,221.40166600545248,221.13082053652155
2020-01-28,221.4499969482422,26731900.0,221.60666529337564,220.6645413929822
2020-01-29,221.80999755859375,28924500.0,221.88833236694336,220.78538070917602
2020-01-30,222.60000610351562,39406800.0,222.0258331298828,220.9430140706249
2020-01-31,219.07000732421875,52015800.0,221.94166692097983,221.19793592183888
2020-02-03,222.3800048828125,25468300.0,222.1258341471354,220.8705622914358
2020-02-04,227.47000122070312,30691200.0,222.55833435058594,221.10278422857067
2020-02-05,228.22000122070312,38534800.0,222.9616673787435,222.08235607351412
2020-02-06,230.19000244140625,22467100.0,223.5375010172526,223.02660917308165
2020-02-07,229.1999969482422,25884900.0,223.98166783650717,224.12866967590082
2020-02-10,231.97000122070312,21478900.0,224.5966682434082,224.90887387164565
2020-02-11,232.00999450683594,30198000.0,225.37250137329102,225.99520115611602
2020-02-12,234.27000427246094,24471300.0,226.72000122070312,226.9205539793037
2020-02-13,233.97000122070312,22773200.0,227.76333491007486,228.05123863978943
2020-02-14,234.63999938964844,23438500.0,0.0,228.96181749839153
